 226  223  226  227  226  226  224  222  221  222  223  222  219  224  221  221  224  224  226  230  231  231  235  232  237  234  233  231  224  216  202  180  167  155  156  163  165  169  174  177  177  177  175  176  177  177  180  178  177  176  173  179  179  183  188  194  194  194  195  196  202  201  203  204  206  206  204  203  203  205  205  204  206  202  202  203  203  203  206  206  209  207  207  208  210  211  210  209  209  206  206  207  208  207  204  205  206  207  211  209  208  206  210  201  202  206  203  203  199  204  206  205  202  200  205  205  206  206  210  207  209  209  208  208  209  207  206  206  209  205  204  200  209  202  206  203  199  205  200  205  200  200  202  203  200  205  203  200  199  200  201  196  192  194  192  187  180  176  177  168  181  189  200  209  211  214  217  220  221  222  218  221  220  220  218  220  221  219  222  221  221  222  223  222  220  223  221  221  223  221  222  220  222  220  220  221  221  221  221  220  216  228  239  244  247  248  250  252  250  244  226  195  167  165  168  174  181  185  182  188  186  187  188  189  189  187  185  185  195  191  195  195  190  195  194  193  196  192  197  188  193  194  196  193  197  194  195  191  188  188  186  190  217  230  232  210 
 226  223  226  227  226  226  224  222  221  222  223  222  219  224  221  221  224  224  226  230  231  231  235  232  237  234  233  231  224  216  202  180  167  155  156  163  165  169  174  177  177  177  175  176  177  177  180  178  177  176  173  179  179  183  188  194  194  194  195  196  202  201  203  204  206  206  204  203  203  205  205  204  206  202  202  203  203  203  206  206  209  207  207  208  210  211  210  209  209  206  206  207  208  207  204  205  206  207  211  209  208  206  210  201  202  206  203  203  199  204  206  205  202  200  205  205  206  206  210  207  209  209  208  208  209  207  206  206  209  205  204  200  209  202  206  203  199  205  200  205  200  200  202  203  200  205  203  200  199  200  201  196  192  194  192  187  180  176  177  168  181  189  200  209  211  214  217  220  221  222  218  221  220  220  218  220  221  219  222  221  221  222  223  222  220  223  221  221  223  221  222  220  222  220  220  221  221  221  221  220  216  228  239  244  247  248  250  252  250  244  226  195  167  165  168  174  181  185  182  188  186  187  188  189  189  187  185  185  195  191  195  195  190  195  194  193  196  192  197  188  193  194  196  193  197  194  195  191  188  188  186  190  217  230  232  210 
 226  223  226  227  226  226  224  223  222  223  222  223  221  223  221  222  223  222  224  230  231  232  235  234  237  235  234  231  223  215  200  180  167  157  158  164  165  169  174  176  178  177  174  175  179  178  179  177  178  177  174  179  178  183  188  194  195  194  195  198  201  201  203  202  207  205  202  203  204  203  205  205  205  202  201  203  204  204  206  206  207  207  208  210  210  211  211  209  210  207  207  207  207  208  206  207  207  207  209  208  207  206  210  203  204  205  202  203  200  204  207  205  203  200  204  201  203  204  209  205  207  207  207  208  207  207  206  204  209  205  204  199  208  203  204  204  200  205  201  202  200  200  200  202  201  205  203  200  199  200  202  196  193  193  192  186  181  178  175  168  180  189  199  206  212  214  216  220  221  222  219  221  219  220  219  220  220  220  221  220  221  222  223  222  221  222  222  222  222  221  222  220  221  221  220  220  221  221  221  220  216  225  238  244  247  249  250  252  250  245  230  201  168  165  169  174  179  184  185  189  189  188  187  190  188  188  186  183  191  190  195  195  191  196  195  191  195  192  195  189  193  193  197  195  198  194  195  192  189  190  188  191  216  222  217  182 
 225  224  226  228  226  226  225  224  224  223  223  225  222  223  223  222  223  222  228  229  232  235  235  236  236  236  235  230  222  211  199  181  168  158  155  162  167  172  176  176  175  176  177  177  173  175  176  178  180  178  176  178  181  185  188  192  196  197  199  201  201  202  204  205  208  205  203  206  205  203  207  203  207  209  207  204  204  207  210  206  210  207  208  209  210  209  212  212  210  211  208  209  207  206  206  209  209  206  206  207  205  207  207  204  203  204  203  202  205  202  206  206  202  203  203  202  201  204  206  206  205  211  206  204  208  206  208  207  208  205  207  206  203  199  204  201  203  203  200  201  202  196  206  205  202  204  203  200  201  203  199  197  197  192  188  187  185  181  178  170  171  186  195  200  211  212  216  219  219  222  223  221  222  221  221  220  220  221  220  220  221  222  224  223  223  223  222  224  224  220  223  222  221  222  221  219  220  220  221  220  218  219  231  241  246  247  249  251  251  251  242  223  184  162  166  170  178  183  188  189  186  187  189  187  191  189  190  186  186  189  190  194  193  198  191  192  194  193  196  192  191  196  198  198  198  196  199  195  193  197  197  196  185  156  126  102 
 224  223  225  226  225  225  224  227  226  223  224  225  222  223  221  224  221  225  229  231  232  236  236  235  237  237  234  229  221  212  201  184  168  157  161  164  166  173  174  178  181  181  178  178  175  178  177  178  178  177  176  179  179  179  186  187  194  197  195  196  202  199  201  200  204  205  202  208  204  203  205  205  204  206  205  205  204  205  207  206  208  207  207  208  210  211  210  211  208  209  207  210  206  207  209  207  208  207  205  209  206  207  206  204  202  210  206  202  203  203  204  205  201  204  202  206  206  206  204  203  205  207  210  208  208  207  210  205  208  208  204  206  208  201  204  202  202  203  203  203  202  199  204  201  200  205  201  204  203  199  200  199  199  198  187  188  185  184  183  178  172  176  187  194  206  208  214  218  219  222  223  223  223  220  222  220  222  224  223  223  222  223  223  225  224  226  223  222  223  223  223  222  222  222  220  220  221  219  219  219  218  217  221  236  245  246  248  250  250  252  248  235  208  171  167  172  175  183  185  185  188  187  187  186  190  187  189  192  189  191  193  193  194  195  196  192  195  195  196  198  196  196  197  198  197  195  198  199  197  200  195  175  139  100   92   92 
 223  223  227  225  225  226  225  226  227  224  224  226  223  223  225  223  224  225  230  232  234  235  235  236  237  236  232  228  222  212  201  181  167  159  157  165  169  172  173  175  180  178  179  177  176  180  180  176  179  176  176  180  182  184  189  186  192  194  196  197  200  201  206  204  207  203  204  204  205  206  205  202  207  206  208  206  206  206  208  207  208  208  209  208  211  212  209  211  209  211  207  207  209  207  211  209  211  208  206  208  206  209  207  203  207  208  205  205  204  205  206  205  203  207  200  206  204  204  205  206  205  206  207  207  205  207  206  206  206  206  204  207  204  204  209  204  204  202  201  203  204  200  204  201  202  204  203  204  204  200  200  200  195  191  188  190  186  183  180  178  174  173  176  190  200  208  214  218  219  223  224  224  225  222  222  223  223  228  225  225  225  224  225  225  225  223  223  223  224  224  223  223  223  222  218  221  218  218  218  219  217  217  216  227  240  246  249  250  250  253  251  244  227  191  172  172  171  177  179  188  192  188  186  187  189  189  188  186  188  188  189  190  190  194  188  191  195  196  192  197  193  196  200  205  200  197  200  206  203  194  174  133  101   92   89   89 
 227  225  226  225  225  225  226  225  226  224  226  225  223  223  224  224  227  228  232  232  231  233  234  234  236  234  231  226  221  212  201  178  170  156  160  162  168  172  175  177  177  178  177  176  177  179  175  177  177  177  177  181  183  186  190  192  195  193  195  196  199  203  204  204  208  206  204  208  203  208  206  207  209  209  206  207  206  205  209  206  207  207  207  208  211  211  211  212  214  212  207  207  209  208  210  210  211  208  206  208  206  209  210  208  209  209  205  207  205  206  206  208  205  206  204  210  204  206  205  208  208  210  209  208  207  206  206  207  206  205  204  206  208  204  205  200  206  204  203  201  202  203  204  202  198  200  204  201  200  202  203  200  195  197  192  192  185  180  180  176  178  174  168  183  193  207  212  217  219  223  225  225  226  223  224  223  222  226  225  226  229  227  228  226  225  226  224  224  224  223  225  222  224  222  219  220  220  220  220  218  217  216  214  220  234  243  247  249  250  252  252  249  239  214  179  168  168  174  177  185  188  188  187  187  188  194  189  190  192  192  188  188  191  192  194  194  196  195  194  194  197  201  199  197  198  200  203  207  198  177  134   97   88   88   90   91 
 228  225  226  227  223  226  225  226  227  226  226  225  224  222  225  226  229  229  231  232  231  233  233  233  234  229  231  227  221  214  201  182  166  156  158  163  166  172  176  178  180  180  176  178  179  178  177  176  177  176  176  179  181  185  190  190  193  197  195  197  201  200  201  205  204  205  203  206  204  206  205  204  208  208  207  207  208  206  211  206  207  208  208  210  210  210  213  212  209  208  208  209  209  210  213  209  209  207  207  209  208  208  210  206  207  207  208  209  205  208  210  206  206  205  203  206  206  205  206  207  207  211  211  209  205  206  207  206  205  205  206  206  206  204  205  201  205  205  201  203  203  202  205  202  201  203  206  203  203  204  203  200  195  198  193  193  188  181  183  177  176  173  170  178  187  202  213  215  220  221  221  225  226  225  227  224  225  227  227  229  229  228  231  227  225  225  225  225  224  224  226  225  225  224  220  220  219  217  217  219  217  215  215  216  227  240  247  250  250  251  252  252  246  231  200  172  172  173  179  181  186  184  183  187  189  190  193  191  190  189  189  192  191  191  194  193  195  195  198  194  198  197  197  201  204  203  205  196  168  128   97   92   90   90   92   92 
 227  224  225  225  225  227  225  226  226  227  225  227  224  222  225  227  229  230  231  229  231  233  234  234  233  231  230  224  221  212  200  182  166  159  160  161  167  172  177  176  183  180  179  181  177  178  175  179  178  179  177  181  183  188  191  192  196  199  200  197  198  203  203  205  207  207  205  204  204  207  207  206  211  210  209  209  206  210  207  208  210  210  208  209  210  209  210  212  210  209  209  211  210  211  212  209  212  210  209  207  209  204  208  209  209  208  209  210  209  209  209  205  207  206  209  207  204  204  208  207  211  210  210  212  210  208  208  205  205  206  208  209  208  204  206  203  206  206  204  202  205  204  205  204  206  206  200  206  203  205  205  203  197  192  194  195  189  191  185  181  179  177  170  173  185  193  208  213  216  219  220  224  224  226  226  226  227  228  229  227  227  226  228  227  226  226  225  226  225  224  224  226  224  223  221  221  218  218  219  217  216  218  215  215  222  233  244  249  250  251  251  252  250  242  224  186  166  173  172  181  185  186  188  189  192  189  195  192  190  192  188  191  189  190  193  193  194  192  197  202  201  203  205  208  209  206  194  165  120   94   86   87   89   89   91   95 
 226  224  224  226  226  226  228  227  227  226  226  224  223  223  225  227  229  229  230  232  230  232  232  230  232  232  227  225  220  213  198  182  166  156  159  164  169  174  177  177  182  180  180  177  179  178  176  180  177  175  177  182  185  187  188  193  192  197  193  199  198  202  201  204  205  207  207  207  208  208  210  206  208  207  207  209  209  207  207  205  209  209  209  212  208  209  210  211  210  209  209  211  210  210  211  210  210  210  208  211  210  212  208  208  209  206  206  209  210  206  205  204  205  203  203  205  204  205  207  208  208  208  208  210  208  209  208  205  204  207  207  206  210  204  203  205  205  205  204  206  205  203  204  204  204  206  207  204  204  202  207  202  195  192  193  191  190  190  187  182  179  179  174  173  179  187  202  211  215  219  220  225  226  225  226  227  227  227  227  227  227  229  228  228  227  227  225  227  228  225  226  224  224  225  220  220  220  218  221  216  216  216  216  216  216  222  239  247  249  250  251  252  253  248  237  208  170  169  170  176  181  183  186  187  189  195  191  190  196  191  190  191  188  190  192  194  194  196  198  203  204  207  208  210  210  195  163  116   90   86   88   90   93   91   91   96 
 225  224  225  226  225  229  225  227  228  226  224  225  223  224  225  227  230  230  231  230  228  230  228  228  230  231  231  227  222  213  200  180  164  157  157  165  168  173  180  178  179  181  181  179  175  176  174  175  177  176  179  179  183  188  188  191  195  195  198  197  202  200  204  199  203  205  204  205  207  209  206  204  208  206  207  208  209  206  209  205  208  206  209  209  207  208  209  211  212  208  209  211  209  208  209  210  207  207  208  211  210  210  211  210  211  206  207  206  207  206  204  203  205  205  204  204  205  205  204  206  204  209  209  208  208  209  206  206  206  208  204  205  209  204  204  204  208  204  203  206  207  201  204  201  202  205  207  204  205  204  206  202  202  194  192  191  192  193  185  182  179  177  175  174  179  183  203  209  215  219  219  223  224  225  228  228  228  227  225  227  228  226  227  228  225  227  224  226  226  225  226  224  224  221  221  220  219  219  220  218  217  216  218  216  217  216  230  242  247  250  250  251  252  251  245  228  187  170  176  174  184  181  185  187  186  190  187  191  191  189  188  187  188  191  189  194  196  199  202  201  205  209  209  209  198  162  119   91   82   90   88   87   91   90   92   97 
 226  224  225  226  225  227  227  227  227  225  225  224  223  225  227  230  231  229  230  228  228  230  228  227  229  228  229  225  218  214  201  180  164  156  157  165  171  176  177  175  178  179  179  177  178  178  177  177  177  177  177  182  181  184  189  190  191  196  194  196  200  203  206  199  203  207  206  205  208  208  206  206  205  205  207  206  205  205  208  204  209  210  208  208  206  210  210  210  209  208  210  209  206  207  211  209  209  210  207  211  209  209  209  208  209  205  206  206  204  207  207  206  208  205  204  202  205  203  206  205  209  208  207  207  205  204  208  203  204  205  202  207  207  204  203  204  206  203  204  202  203  203  204  204  203  204  204  208  206  206  206  202  203  194  193  192  191  190  189  182  175  177  175  171  174  181  197  207  213  217  220  221  223  226  227  227  227  228  227  225  225  225  228  228  226  225  224  224  225  225  226  224  221  221  220  219  219  219  218  218  219  216  216  215  215  212  220  236  245  247  249  250  252  250  250  239  214  179  171  175  180  180  185  186  186  187  190  192  192  190  190  191  189  192  193  194  195  197  199  204  206  210  211  201  160  109   94   86   87   90   91   89   93   92   97   99 
 226  223  224  226  228  228  228  227  226  227  224  226  224  226  228  230  231  230  230  229  227  229  227  225  229  230  230  227  222  214  202  184  166  158  157  165  170  176  174  175  181  179  177  178  176  178  177  179  175  177  180  184  185  183  190  190  195  196  198  200  199  200  203  203  206  207  205  203  203  206  209  206  208  207  207  210  203  205  207  205  209  209  206  210  208  210  212  213  211  209  211  210  208  208  209  208  209  211  209  210  211  212  209  209  210  207  206  208  209  204  203  205  206  205  205  204  205  204  207  204  207  205  206  205  206  209  209  205  205  208  207  208  206  206  205  205  205  206  205  205  204  204  203  204  202  206  205  205  203  205  205  205  201  198  194  194  193  191  185  180  178  175  174  173  177  182  198  206  211  218  220  222  224  226  226  226  227  228  226  225  224  225  226  226  225  226  227  223  223  223  225  224  222  223  221  220  222  218  218  220  219  217  216  216  214  213  213  227  241  247  249  250  251  251  252  246  231  198  168  172  176  176  182  188  191  193  188  192  196  192  192  191  191  189  187  195  195  197  201  207  210  210  199  164  114  102   87   86   87   88   89   88   96   95  101  102 
 226  223  225  228  228  230  229  228  227  226  226  226  225  228  230  232  233  230  230  229  229  228  225  224  228  230  229  226  223  217  201  180  167  158  153  158  168  175  176  175  182  180  181  177  176  176  176  174  178  180  181  183  184  185  188  190  193  197  196  199  202  199  204  199  205  206  205  203  203  207  208  205  205  207  206  207  205  206  209  205  208  207  209  209  207  208  207  211  211  212  210  208  208  210  209  208  213  210  210  210  212  209  209  209  206  206  206  205  206  206  203  207  205  203  201  205  201  201  201  200  203  206  203  204  206  206  208  208  207  210  206  203  204  203  205  203  204  204  203  202  202  202  205  203  206  203  205  205  206  205  204  201  200  195  192  195  194  190  192  182  183  179  176  177  182  185  195  208  213  213  219  223  226  225  226  226  225  228  226  225  223  225  226  223  225  226  225  222  225  223  225  226  222  223  222  220  220  219  220  221  216  219  217  217  214  214  213  220  234  246  249  250  251  250  251  251  242  218  180  172  178  179  180  181  190  188  191  195  193  194  190  190  191  191  189  195  193  198  206  210  208  201  162  114   89   92   89   83   85   90   91   95   99  104  106   99 
 228  227  227  227  228  230  229  228  229  226  228  227  226  231  231  231  231  228  230  228  226  226  225  223  228  229  231  229  223  215  201  183  167  158  155  162  168  174  175  177  177  180  178  178  178  177  172  176  177  175  180  182  184  184  188  191  194  198  196  198  200  200  201  202  202  204  204  204  203  203  206  206  206  204  205  206  209  203  206  205  207  208  208  209  206  207  208  209  212  212  210  208  207  211  211  208  210  209  210  210  209  206  209  205  202  203  206  204  205  205  204  206  204  200  202  204  202  203  204  203  206  207  204  203  206  208  206  203  208  207  207  207  205  202  208  202  203  205  202  203  204  206  205  203  201  203  206  205  200  206  204  205  202  197  196  194  196  190  191  184  185  184  181  178  182  189  198  206  212  215  218  222  223  223  227  226  225  225  224  224  225  222  225  224  226  227  226  227  225  223  226  225  225  226  222  222  220  219  221  219  219  217  218  217  215  216  215  213  226  244  248  249  250  249  251  252  248  237  200  175  172  177  180  188  187  188  189  190  193  192  189  193  190  189  193  198  196  201  203  207  193  162  116   86   86   90   88   91   87   94   93   98  100  103   96  101 
 228  227  228  226  228  231  228  228  228  228  228  228  229  231  230  232  231  232  230  231  227  226  224  225  231  232  231  231  222  215  202  181  166  159  157  166  169  175  175  177  181  177  181  177  177  178  176  177  178  177  178  182  182  184  189  189  197  199  194  198  202  197  201  203  204  204  204  204  202  204  205  204  206  204  206  206  204  203  205  206  206  210  207  209  209  208  206  207  210  210  208  209  208  206  207  208  208  210  209  209  206  205  206  204  203  205  203  202  203  203  206  205  204  203  205  206  200  200  206  202  209  207  203  204  205  205  204  204  204  204  203  206  203  199  204  203  201  204  203  202  204  205  206  202  204  202  203  206  204  203  207  206  202  202  198  192  192  191  188  191  186  185  179  176  180  185  198  206  210  213  218  221  223  225  226  225  225  225  223  223  225  223  226  227  226  228  226  227  225  224  224  224  225  225  224  221  221  221  223  222  221  219  218  219  218  214  214  212  215  236  245  249  251  249  250  252  252  246  226  185  173  178  179  186  185  189  189  192  191  190  191  190  191  191  197  196  199  203  205  195  162  114   88   86   91   92   91   89   93   94   97  101  101   98   98   99 
 228  227  228  227  229  228  227  228  228  228  229  231  232  232  232  233  231  230  231  230  227  226  225  227  230  231  231  229  225  219  204  186  167  159  160  166  165  171  175  178  178  180  179  177  176  178  179  176  178  174  181  183  182  185  189  193  194  197  198  196  201  197  202  201  203  204  205  202  207  206  205  202  204  202  207  206  204  206  209  207  211  210  208  208  209  209  211  207  207  207  211  208  208  210  209  210  210  207  211  208  211  211  207  206  204  200  200  200  204  199  204  205  201  201  204  204  203  204  201  198  202  203  205  203  205  204  204  203  205  206  205  206  205  201  205  202  203  205  204  201  202  206  206  203  201  201  204  204  204  205  205  201  198  201  200  197  196  196  188  184  182  184  179  181  182  188  198  206  210  212  217  220  222  222  225  224  226  225  223  221  223  223  225  225  224  225  225  224  225  223  226  223  226  223  223  222  223  224  223  222  222  221  219  218  217  216  216  213  210  220  238  246  249  249  250  250  252  252  244  218  179  171  174  180  187  189  187  191  190  192  193  191  191  193  194  199  199  205  193  167  119   91   88   84   95   89   93   92   96   98  101  100   98   96   99  100 
 227  226  225  226  227  227  228  230  229  228  228  231  232  234  233  232  233  232  232  229  228  227  225  227  231  230  231  227  223  216  201  180  167  153  156  164  167  173  176  180  180  180  178  177  175  177  176  177  175  177  180  181  183  185  189  194  195  195  198  201  202  199  200  198  202  204  205  208  205  207  209  206  205  206  208  208  206  206  210  206  213  210  209  210  209  206  207  206  209  206  207  207  208  208  208  208  212  211  209  209  205  209  207  206  205  201  200  198  202  201  203  199  201  203  200  196  201  204  200  199  202  206  203  202  203  205  203  203  205  203  202  203  206  203  205  204  203  207  202  207  206  201  205  203  206  204  202  204  205  204  206  202  197  203  197  200  197  192  191  181  183  185  180  185  186  189  200  206  212  213  216  221  220  222  224  222  225  225  222  224  223  223  224  224  224  224  224  224  224  221  223  224  224  224  223  224  222  221  223  224  223  220  218  221  219  216  216  213  212  214  230  244  250  249  249  250  250  253  249  232  194  170  171  176  182  187  186  191  190  192  195  190  194  195  199  204  207  197  164  117   90   86   86   89   90   96   97  102  100  102  104   99   98   99  101  100 
 228  227  227  226  226  228  229  228  230  229  230  232  231  234  232  234  232  231  231  230  227  226  225  227  229  231  232  229  222  217  203  182  163  154  158  162  169  174  177  175  180  176  174  176  173  174  176  174  176  178  177  183  182  185  186  187  191  194  198  198  196  198  200  197  201  203  204  205  206  207  206  205  209  207  206  204  201  205  207  205  208  207  211  208  208  204  202  206  207  207  207  209  209  209  208  210  209  210  210  207  205  208  208  204  205  205  202  199  201  203  202  202  203  204  198  199  194  195  200  200  199  201  204  204  205  204  205  204  203  204  202  204  204  202  202  205  206  207  203  205  203  204  207  204  203  208  206  208  205  205  207  202  205  203  201  203  195  194  193  188  185  185  184  180  182  190  197  204  211  212  211  216  218  221  223  220  222  224  223  221  222  222  224  223  224  223  223  223  224  222  222  225  225  225  223  223  224  223  222  222  223  223  218  219  219  215  216  213  212  214  220  238  248  249  248  250  249  252  252  245  219  183  168  175  180  184  189  189  192  191  193  193  194  204  202  207  191  155  114   88   87   85   89   88   93   95  100  100  100  100  100   94   99   98   96   93 
 228  227  228  227  227  229  228  228  230  230  233  233  232  234  233  233  232  232  231  230  226  227  226  228  231  230  230  227  221  214  202  182  163  158  154  159  167  169  176  177  181  176  175  174  175  176  173  176  175  177  173  181  181  183  188  192  193  195  196  196  195  195  197  199  200  200  201  203  199  203  207  201  206  200  204  203  201  205  207  206  209  209  208  208  203  205  205  204  208  210  208  210  206  208  207  211  207  207  210  211  209  209  207  204  205  200  203  204  202  202  202  202  203  199  201  201  198  197  194  197  200  201  202  204  203  202  199  202  205  206  203  207  202  202  204  203  207  209  206  207  206  204  205  201  203  202  204  207  205  206  207  205  204  203  201  199  195  191  188  191  184  185  181  182  185  189  197  204  210  215  212  216  217  220  221  220  221  223  223  222  222  219  224  223  225  224  224  223  224  224  224  223  225  226  225  224  224  222  223  223  221  221  217  219  219  217  217  215  214  213  212  229  244  248  249  249  249  251  252  250  241  205  170  165  175  179  183  187  191  186  189  192  195  199  203  190  157  110   88   87   85   89   86   92   97   99  100  105  100   99   98   99   97   95   93   95 
 229  226  229  228  228  230  228  230  231  232  232  233  231  232  232  231  231  231  230  230  228  229  228  230  233  231  231  227  224  214  199  184  166  153  156  163  166  171  176  177  178  177  178  179  175  173  174  178  176  175  175  181  186  188  189  193  195  193  194  197  196  198  193  195  201  200  197  206  205  200  200  200  204  203  206  205  207  205  208  208  211  209  209  209  208  208  206  208  206  207  207  208  208  209  208  208  211  209  209  210  208  208  207  208  205  201  203  206  207  204  199  198  198  200  198  196  197  201  195  196  199  201  203  201  202  203  201  204  203  202  203  203  205  206  204  200  203  206  204  205  206  204  205  205  203  203  203  206  203  205  210  206  201  200  199  199  194  189  190  190  187  188  187  185  187  196  198  206  208  213  213  217  217  217  221  220  219  222  221  222  222  221  224  225  223  225  222  224  224  223  223  223  223  225  225  225  225  223  224  222  219  221  219  218  218  217  217  216  214  213  214  220  237  247  249  248  248  250  251  252  247  229  190  167  173  174  183  183  186  182  187  192  197  201  195  165  116   90   86   87   87   91   90   94   99  102   99   97   98   96   96   97   95   95   90   91 
 229  228  229  229  228  228  228  230  233  231  233  231  231  231  231  231  231  229  231  232  228  228  230  230  231  231  231  229  220  216  199  180  164  155  156  163  165  171  174  178  177  177  181  177  175  180  175  177  174  175  178  181  185  187  188  188  196  200  198  197  198  197  198  198  204  204  201  203  205  204  205  201  205  204  208  210  208  206  209  208  210  205  209  207  206  210  210  208  208  208  208  210  210  209  208  208  208  208  207  209  207  209  211  209  210  208  208  207  202  203  204  194  199  198  195  195  195  196  193  190  197  199  201  199  202  202  204  203  200  205  205  204  200  203  203  202  203  205  205  205  205  205  207  205  204  202  205  207  206  207  207  202  201  196  199  199  196  193  190  189  186  184  181  181  183  190  195  206  208  210  214  213  216  217  219  219  219  222  219  222  223  223  223  225  223  224  221  222  220  223  224  223  222  225  223  225  225  223  223  222  221  218  218  216  218  216  217  216  211  214  215  214  228  242  248  249  248  250  250  252  251  240  209  173  169  174  177  177  180  183  186  191  201  193  164  119   93   86   85   88   89   92   94   97  103  102   99   98   94   97   95   93   94   94   93   91 
 228  228  227  227  227  227  228  232  233  233  231  229  229  230  229  229  229  228  230  232  230  229  227  228  229  231  231  229  221  214  201  176  163  152  157  163  167  173  173  175  179  179  177  177  177  177  177  175  173  177  178  181  185  187  190  192  197  198  197  200  198  202  199  199  201  201  204  206  204  202  203  203  205  202  205  207  208  208  208  208  210  206  202  205  206  208  212  208  210  208  209  210  209  211  208  210  208  209  209  209  208  207  210  210  206  206  205  203  199  197  195  199  198  196  192  192  190  189  187  189  192  197  198  201  195  199  199  199  199  203  200  204  205  201  207  203  205  208  204  206  205  206  209  207  204  203  206  209  208  204  205  205  198  202  200  199  195  190  188  186  183  185  181  183  185  188  197  202  208  212  213  214  217  216  217  218  218  221  221  222  221  222  223  222  223  224  220  221  223  223  225  226  225  225  224  224  224  223  223  221  219  217  213  215  216  216  218  216  214  216  216  214  220  236  246  249  248  249  250  251  253  247  230  191  168  172  176  177  183  184  188  193  188  163  118   91   88   86   88   87   91   95  100   96  101  103  102   97   97   99   98   94   93   95   95   93 
 229  227  229  228  228  228  230  233  236  232  230  228  228  229  227  226  230  228  231  231  230  231  227  228  232  233  234  229  224  217  200  177  164  153  156  159  165  173  174  178  180  179  181  179  175  178  177  178  175  176  179  185  183  184  189  190  196  203  197  200  202  202  201  203  205  202  202  208  205  204  203  203  208  205  207  210  208  209  207  209  211  209  206  208  207  209  210  208  210  209  207  211  208  210  209  209  211  210  205  209  206  204  206  200  205  200  196  194  191  197  202  207  206  211  206  208  209  212  205  201  192  192  190  193  194  197  194  192  198  200  204  204  205  204  206  202  203  207  206  206  206  205  205  200  205  203  203  208  208  203  206  205  204  204  199  197  193  192  188  189  186  188  185  184  185  184  197  204  209  213  212  214  213  215  217  216  217  219  218  220  222  221  222  222  222  222  220  221  222  221  225  225  225  226  223  224  223  222  222  221  218  217  215  216  216  216  215  215  213  213  214  213  216  227  243  248  248  250  250  251  252  251  243  215  176  172  174  179  184  187  188  187  152  113   91   86   90   90   88   90   92   94   97  103  103  101   99  101   99   96   92   92   93   91   94   92 
 230  228  229  229  228  232  231  233  234  232  229  229  227  226  225  223  226  226  231  230  229  229  228  227  232  231  233  230  224  220  204  182  166  155  156  160  168  171  176  175  177  177  180  176  173  178  179  180  179  177  179  190  185  191  191  193  196  200  199  199  198  202  204  203  202  203  204  206  203  203  208  206  208  209  208  211  207  209  210  207  208  207  207  211  207  203  208  208  208  210  209  210  210  212  210  209  207  206  207  204  199  197  197  193  195  190  192  199  201  205  206  207  206  206  205  211  208  214  216  214  218  210  202  200  192  191  191  189  190  190  196  201  200  200  202  200  202  201  200  201  204  203  204  203  207  207  204  208  207  205  201  205  205  204  199  201  194  192  193  188  189  188  182  182  182  184  193  204  208  215  214  216  214  213  214  216  215  218  219  220  222  222  222  223  220  221  222  224  224  222  224  225  227  226  222  224  222  221  221  220  216  216  213  215  216  214  215  217  214  214  214  213  214  218  235  246  248  249  249  251  252  253  251  236  202  175  171  182  185  194  188  159  112   88   86   85   88   87   90   96   95  100   97  102  100   98   99   98   94   91   90   91   97   94   96   96 
 229  229  229  228  228  231  236  236  235  231  228  226  223  222  223  223  224  227  231  232  229  230  231  229  232  232  233  230  222  219  205  179  163  153  156  163  168  171  175  176  183  178  176  178  175  174  179  179  181  179  184  190  190  192  193  194  198  199  200  201  201  203  204  204  206  205  204  205  202  202  204  206  208  209  207  209  210  210  212  212  211  210  209  209  206  207  209  212  211  211  212  210  212  209  207  203  204  196  199  201  199  197  198  192  194  194  201  209  205  203  205  207  213  211  209  205  210  209  207  208  210  214  218  218  216  206  196  188  188  187  187  196  199  199  198  198  200  204  199  203  204  207  206  203  207  204  205  206  205  207  209  202  206  203  197  198  197  189  189  190  188  187  181  176  182  184  195  205  210  211  211  217  216  214  214  213  216  219  218  220  221  220  222  223  219  223  222  223  224  222  224  226  225  225  224  223  223  220  221  219  217  216  215  215  215  213  214  215  214  213  214  214  215  213  223  239  248  250  248  250  251  252  254  248  225  190  177  185  190  186  156  113   91   83   85   89   90   89   90   94   97   99   99  101  100   99   98   96   90   87   90   93   97   93   95   94 
 230  229  230  231  230  235  235  233  234  231  227  223  220  220  219  220  224  228  231  232  229  229  229  231  233  233  234  229  225  218  207  183  166  153  152  160  167  168  178  175  179  180  177  177  173  177  179  182  181  179  182  189  188  192  195  197  201  202  205  205  198  202  205  207  210  207  207  208  203  206  205  206  207  209  208  212  210  209  214  211  212  209  208  208  208  207  208  210  211  210  209  210  208  207  203  197  195  198  198  202  195  190  193  196  195  202  209  205  204  205  205  207  212  213  212  208  208  204  202  203  208  213  210  214  215  221  222  216  207  193  186  186  192  194  195  198  200  200  199  201  204  207  207  202  202  203  201  206  203  205  203  205  199  198  196  200  193  190  191  189  183  182  179  177  187  188  190  205  212  213  215  216  215  213  213  215  217  217  217  219  220  221  222  222  221  223  221  222  223  222  223  223  222  225  221  220  222  220  221  219  218  215  214  216  214  214  214  215  211  212  214  215  213  212  214  231  244  250  249  249  251  251  253  253  243  214  185  190  188  163  116   92   82   84   87   86   88   91   90   96  100  101   98   97  100   96   96   92   92   91   93   96   97   91   90   92 
 231  230  231  233  232  236  236  234  232  228  224  222  219  217  218  219  227  228  232  234  230  231  231  232  236  232  234  230  227  219  206  182  163  150  154  163  167  168  175  171  177  180  178  177  175  177  174  178  184  179  182  186  188  190  196  194  202  204  204  204  201  203  205  208  208  207  205  209  206  206  210  207  209  208  208  209  209  209  213  211  211  208  211  206  208  207  208  209  212  207  206  202  201  192  198  199  190  192  198  201  192  189  189  198  198  199  203  207  200  204  208  208  211  208  209  208  205  206  204  207  208  212  210  210  213  218  217  220  223  224  210  192  186  190  195  193  200  196  198  200  203  205  204  203  202  203  200  204  204  198  201  202  201  201  196  197  192  191  189  185  185  185  179  175  182  187  194  207  210  217  218  219  218  214  216  215  217  220  216  218  219  219  222  222  222  223  219  221  223  219  220  220  220  221  221  223  222  220  220  219  219  218  215  214  216  215  215  213  211  215  214  215  213  212  211  215  237  247  249  249  250  251  253  254  252  238  201  188  166  121   92   84   83   87   87   92   95   96   98   99   99  100   97   98  100   94   86   88   92   98   98   95   95   94   92   96 
 233  229  231  234  234  236  236  234  232  228  219  216  214  212  213  219  225  230  234  232  232  233  231  233  234  235  233  230  225  218  205  180  160  150  150  160  162  169  176  172  174  174  176  178  178  178  176  176  180  180  180  184  188  189  194  196  199  202  203  200  203  205  206  203  209  207  205  209  206  205  204  205  210  210  209  209  207  210  210  206  211  208  208  207  205  207  202  205  205  204  197  190  182  195  202  196  190  196  196  201  199  198  197  200  198  199  200  200  198  202  206  205  204  211  209  211  209  210  207  210  212  210  212  214  211  217  221  216  219  226  225  221  204  184  187  192  190  192  197  201  197  201  199  203  200  200  203  206  200  199  203  202  198  198  193  194  190  189  188  188  186  183  180  178  183  187  198  207  211  215  217  218  219  217  216  215  217  219  217  217  216  217  220  221  221  222  219  221  222  219  220  219  219  221  219  220  219  218  219  218  219  216  216  215  214  215  218  215  214  217  217  215  216  213  212  211  225  243  250  249  251  250  253  254  255  252  224  178  126   87   86   82   85   87   89   90   95  100  102  100   99   99   98   99   96   90   90   96   95   95   93   92   90   90   94   96 
 230  230  231  236  236  236  233  232  229  224  218  208  205  205  214  221  226  228  232  235  233  234  232  232  234  232  233  232  227  220  204  180  161  150  148  156  158  167  174  168  173  176  176  175  177  175  178  177  179  181  180  185  184  187  190  195  195  198  199  204  200  201  202  202  203  197  204  202  198  205  204  204  209  206  208  208  209  210  210  209  210  205  203  201  204  206  205  203  190  190  184  187  186  187  196  191  196  195  197  199  196  200  202  201  200  200  201  199  199  202  206  204  207  205  210  209  207  209  214  206  210  216  210  218  216  213  219  221  220  220  221  224  224  214  190  182  185  191  188  195  196  197  200  199  199  197  201  201  199  205  204  199  194  192  191  197  193  190  191  185  182  181  177  177  184  189  196  205  211  214  216  219  218  216  216  216  218  221  217  216  215  217  221  221  221  223  222  221  221  219  221  219  218  219  220  219  221  219  218  219  217  218  215  216  216  216  214  217  215  214  218  216  217  213  212  212  217  236  248  250  251  250  253  255  255  255  240  169   91   81   85   85   88   90   90   88   98  101  101  100   98   99  100  100   94   94   91   94   96   96   93   91   92   91   95   98 
 230  231  235  236  237  236  234  230  227  221  208  197  189  198  216  221  227  230  234  234  233  235  232  233  235  237  233  232  227  222  208  181  161  149  146  152  157  159  166  168  170  173  171  172  176  173  173  177  177  180  178  179  183  192  191  194  198  197  198  198  198  200  203  200  202  206  203  205  201  204  205  206  207  209  208  209  208  205  208  209  208  213  222  207  208  202  194  190  190  192  194  189  184  184  191  192  192  186  191  190  202  198  196  200  200  202  203  200  203  205  210  206  205  209  202  204  210  212  209  212  210  215  220  214  216  220  220  217  223  225  221  219  223  227  220  199  181  181  184  188  194  194  192  193  201  194  196  198  199  198  197  198  195  193  194  193  194  191  186  180  182  179  178  176  179  187  201  206  214  216  218  219  220  218  215  217  217  218  219  218  215  217  219  220  222  222  222  221  219  217  219  220  218  219  221  219  220  218  220  220  220  217  216  215  217  215  215  218  218  216  215  217  218  215  214  213  212  223  242  250  250  251  253  254  255  255  242  144   76   80   81   86   86   92   90   92  100  103   99   97   98  100   96   92   90   91   94  102   95   94   87   94   96   95  100  101 
 231  232  234  237  236  234  231  229  222  213  196  175  180  200  214  221  228  230  234  236  234  234  233  234  236  234  235  231  227  220  205  182  159  147  144  152  155  159  163  167  172  169  170  169  173  172  172  178  178  175  179  181  184  185  188  193  196  195  196  197  198  195  198  196  205  202  203  207  201  205  208  205  209  208  207  208  208  206  208  205  207  205  198  199  198  192  189  186  192  189  188  187  180  191  192  193  190  185  185  193  197  187  197  197  201  202  199  196  204  208  205  205  208  201  205  208  208  214  209  210  215  213  214  219  213  215  221  218  215  220  222  221  222  223  226  222  212  189  175  181  186  192  192  195  195  195  197  198  199  197  199  197  194  192  191  195  190  190  182  179  180  177  177  177  183  190  199  213  214  220  220  222  223  219  218  216  217  219  216  217  217  218  218  219  221  223  221  222  220  217  219  218  217  220  221  220  218  217  220  219  218  217  218  217  217  215  217  216  216  218  216  218  216  216  216  215  212  216  232  248  253  251  253  254  254  252  209   89   80   81   84   87   90   92   94   98  102  100  100  100  100   96   91   89   89   96  100   97   92   91   88   91   95   98  104  101 
 233  234  237  237  234  234  229  227  218  203  181  164  178  200  212  220  228  231  236  234  234  232  233  234  237  236  234  232  226  220  207  181  157  142  141  149  155  162  164  166  165  166  168  172  172  174  173  173  174  176  183  180  181  183  187  187  193  199  196  196  195  201  199  198  202  202  199  200  203  202  204  203  209  206  206  206  208  206  214  235  201  192  189  191  188  187  188  186  188  185  189  189  186  189  187  193  187  184  186  195  192  194  195  197  197  194  193  202  202  205  201  196  204  204  210  210  207  212  217  217  214  218  214  212  218  219  219  218  221  218  217  223  224  220  218  220  226  219  194  179  178  178  183  189  190  192  187  196  195  195  197  198  194  190  192  190  189  192  186  180  183  180  176  174  182  188  192  206  213  217  219  224  222  220  221  218  219  219  215  216  216  216  218  217  217  221  221  221  220  218  217  215  217  221  218  220  221  219  222  220  216  217  218  218  217  215  219  217  215  216  217  216  218  215  217  214  210  215  220  239  253  254  254  255  254  233  129   75   81   80   85   88   88   93  100  102  102   99  100  104   98   91   89   87   92   96   99   96   88   88   91   92   99  102   99   92 
 235  234  238  238  235  233  229  222  213  190  162  150  175  199  213  223  229  232  233  235  234  234  230  231  235  234  234  231  227  221  208  183  155  143  142  146  153  159  162  165  171  170  168  174  172  172  171  172  174  174  178  179  184  182  184  186  191  193  195  191  193  194  197  197  201  202  200  204  201  202  205  207  208  204  204  204  203  206  228  205  159  182  188  192  185  188  191  183  185  186  185  183  189  194  192  194  187  185  188  190  192  192  197  191  189  196  197  197  196  195  199  202  209  212  207  205  212  212  213  215  213  215  218  216  215  219  221  215  216  224  220  220  221  221  224  218  217  218  221  212  183  172  175  180  179  183  186  190  190  188  194  193  194  192  190  192  188  183  185  180  179  184  174  176  178  186  197  209  216  221  221  225  223  223  222  221  215  217  213  216  216  215  214  214  215  216  221  221  221  218  216  217  216  220  220  219  221  222  218  218  216  218  218  216  216  218  217  216  216  217  217  217  217  217  217  214  215  214  215  225  248  255  255  255  238  159   83   77   81   84   84   86   92   97  103  101  100  101  103  104   95   88   89   93   99   97   93   88   90   91   96  100  106  100   83   73 
 236  237  238  235  233  230  225  218  202  170  151  150  168  197  212  221  227  231  234  235  235  233  233  232  236  233  234  231  225  220  206  181  156  142  142  151  155  160  160  164  172  169  169  170  172  169  170  171  175  175  173  180  180  180  189  187  190  193  195  191  197  195  195  195  198  199  196  203  203  205  203  201  207  206  207  207  207  207  225  194  178  188  190  195  195  187  189  190  193  189  182  184  186  187  195  191  183  183  189  190  193  198  193  195  197  197  195  195  198  203  204  208  207  209  210  211  212  213  211  212  215  215  216  215  221  217  219  223  220  220  222  225  221  218  223  221  218  217  220  226  219  193  172  176  180  176  182  185  183  189  190  191  190  192  193  188  185  181  180  178  181  179  177  172  180  185  196  209  216  223  222  226  226  222  223  221  217  217  216  213  214  212  214  212  211  218  219  221  222  220  218  218  217  220  222  222  224  221  220  219  219  219  220  220  219  215  216  217  217  218  218  221  218  219  219  218  217  221  218  222  242  255  254  238  163   88   81   84   85   85   86   90   92  100   96   99   98  102  103   96   89   92   93   96   99   95   86   90   91   92   98  104  102   87   70   68 
 238  237  238  235  231  230  222  210  184  154  143  149  172  199  210  222  227  231  235  235  234  234  233  235  236  233  230  230  224  220  205  179  154  141  141  147  155  161  161  161  170  170  169  172  169  173  172  170  173  172  172  178  179  183  183  188  193  195  189  193  194  192  193  194  197  199  197  201  203  202  204  204  208  206  209  209  207  208  186  186  188  189  194  194  191  188  189  190  191  190  187  187  191  197  194  192  189  190  190  196  198  195  194  186  192  188  186  200  202  203  208  204  210  211  210  215  209  210  215  207  210  218  214  211  216  222  219  219  222  223  219  222  225  224  221  218  221  222  220  223  226  224  202  170  165  169  172  175  178  181  187  188  191  187  187  185  184  182  179  180  181  179  175  173  178  186  197  209  216  222  222  225  228  226  226  223  219  220  218  215  212  213  212  210  210  215  215  219  220  220  221  220  220  221  222  221  220  222  220  219  219  217  218  216  218  215  218  220  218  219  218  222  221  218  219  220  217  221  222  223  238  249  230  154   88   87   86   86   85   88   89   93   95  100   96   99   99  100   97   89   90   99  101  103   98   93   87   93   92   99  110  112   97   73   63   81 
 237  238  239  235  232  225  215  195  168  148  143  154  176  195  213  223  228  233  234  236  234  234  234  233  234  233  233  230  224  217  205  178  153  140  140  147  157  158  161  168  169  169  167  168  166  174  170  172  175  172  172  176  178  180  183  185  187  190  193  190  192  194  194  197  199  198  196  205  201  204  204  208  209  204  205  206  215  212  185  186  193  192  190  187  181  186  192  184  191  192  195  193  191  195  192  189  190  193  198  203  199  192  188  193  200  200  198  199  199  192  205  206  206  211  208  211  212  211  213  216  218  213  215  222  220  217  221  220  219  223  224  223  220  221  223  218  217  218  220  223  223  225  227  205  170  158  159  164  172  174  180  178  184  185  184  183  180  176  182  179  184  181  177  176  175  183  193  207  214  221  224  227  227  227  227  224  223  222  218  216  212  209  204  206  207  210  212  216  219  221  221  221  222  223  222  221  222  222  221  221  219  222  218  219  221  217  220  219  219  219  219  221  222  220  223  222  220  221  227  229  231  214  146   95   85   89   86   86   90   91   97   96   97  101  101  102  101   98   91   84   93  103  100   96   89   86   90   98   97  113  115  102   84   67   75  141 
 239  238  236  232  229  220  206  183  156  147  149  155  173  195  213  221  229  232  235  237  232  235  233  233  237  234  232  230  225  219  201  176  154  142  143  150  158  161  164  166  167  169  170  171  171  174  169  175  171  171  173  176  182  180  182  184  187  190  193  194  192  192  194  198  203  199  199  202  200  203  200  207  208  206  205  213  233  199  189  188  194  187  184  182  187  188  190  188  190  196  189  187  197  191  188  193  199  196  196  198  187  195  198  193  201  196  194  194  192  202  197  200  202  200  207  206  208  215  216  214  215  219  218  218  220  220  218  220  223  220  222  226  223  222  220  219  221  222  219  220  222  217  221  223  209  172  168  162  158  164  171  179  180  183  184  183  182  177  183  179  181  180  172  172  171  184  193  208  215  223  224  228  228  228  231  227  222  224  219  215  212  207  201  196  200  205  210  215  221  222  221  223  222  222  223  226  226  224  223  221  220  219  219  217  219  219  219  220  217  220  219  220  221  222  222  224  224  226  227  232  215  153   96   87   85   86   89   86   86   88   97  103  104  101  100   96   94   90   87   94  100  102   99   92   90   89   93  102  104  113  102   86   73   79  131  202 
 237  235  233  230  227  217  194  166  152  149  147  152  174  199  211  220  230  232  235  236  236  236  235  233  235  234  233  230  225  218  201  177  155  142  144  151  156  160  166  166  171  167  172  172  172  170  171  173  172  173  175  175  181  181  179  178  186  191  196  196  192  192  195  197  196  197  196  199  202  205  202  203  209  204  208  222  220  192  194  189  185  184  182  183  191  190  189  190  193  189  189  201  193  192  194  194  193  188  198  204  205  197  199  195  191  194  190  199  204  200  204  199  205  203  202  211  211  213  216  215  218  216  219  217  218  219  225  219  219  222  224  222  221  223  222  214  215  217  211  209  209  216  224  230  234  230  224  205  170  155  166  172  177  184  176  178  178  174  177  181  177  175  170  170  179  183  192  209  214  222  225  228  228  228  230  225  225  224  221  215  211  204  194  191  192  196  206  213  218  221  224  223  222  223  222  224  225  223  222  222  221  221  220  219  220  221  221  220  220  222  222  219  220  221  223  224  225  228  230  222  184  107   87   85   86   87   87   86   92   97   99  102   98  103  101   99   92   88   93  100  101  101   92   87   92   92   95  104  114  103   82   74   78  120  185  224 
 234  233  231  228  220  204  180  152  151  155  153  157  172  200  212  223  230  233  235  236  235  237  237  236  236  234  232  229  225  218  202  176  156  142  143  150  158  160  165  167  171  172  171  170  171  170  172  172  174  176  176  176  179  183  185  187  189  191  193  194  192  194  191  192  202  200  197  200  201  205  201  203  209  210  209  228  197  191  188  183  182  183  183  186  192  188  189  188  187  195  194  194  190  192  197  190  195  191  194  202  193  196  198  190  201  194  194  199  203  205  204  204  203  206  209  210  215  220  216  216  221  220  215  218  220  218  219  220  224  217  220  224  221  217  217  214  210  210  217  227  232  233  235  236  238  241  242  241  210  158  155  159  168  173  173  175  173  174  176  176  176  172  168  168  178  179  188  208  215  222  225  229  230  227  230  227  227  229  222  218  213  203  195  180  179  185  195  207  216  218  223  224  222  222  221  224  225  224  223  221  221  220  221  220  220  220  221  220  221  223  223  222  223  223  224  227  226  230  228  194  122   88   84   88   88   86   90   87   96   96  100  103   99   98   95   90   90   93  100  105   97   95   85   87   94   93  102  113  121  101   79   81  109  160  211  227 
 235  232  229  223  211  191  160  153  151  152  156  157  172  201  214  223  228  233  235  236  233  235  236  234  236  232  230  230  224  218  205  176  154  143  138  148  157  164  164  167  170  170  171  170  173  171  171  173  175  173  175  179  179  180  184  185  185  189  193  188  195  195  196  200  201  202  199  202  198  200  200  202  208  208  211  208  195  188  187  185  181  185  189  191  191  185  188  188  198  194  195  189  191  194  190  188  188  191  191  197  193  198  201  197  193  195  194  205  200  203  206  203  206  200  211  216  213  218  221  219  216  219  219  215  217  220  222  220  219  223  221  216  217  216  211  211  224  228  230  231  232  229  231  231  233  238  239  243  238  187  146  153  161  168  172  173  173  174  172  172  173  172  165  163  173  181  189  207  215  221  225  229  228  227  230  227  229  226  224  221  217  204  188  171  164  166  179  197  210  214  222  225  224  223  220  223  224  223  225  222  220  221  222  222  221  222  221  220  220  221  222  224  224  225  225  225  229  230  208  143   89   86   83   87   87   91   93   95   98  102   97  101  101   98   93   87   89   99  105  104   92   86   87   87   94   95  110  123  116   99   87  111  159  196  218  228 
 233  231  225  219  202  172  152  153  153  153  154  157  173  196  214  223  229  233  236  236  234  236  235  234  233  232  231  230  222  216  203  179  155  143  143  153  160  163  167  169  172  173  172  171  173  169  171  172  171  173  173  178  177  181  185  183  191  192  189  191  192  194  197  196  201  198  196  204  200  199  206  204  208  209  209  199  187  187  186  186  189  187  188  192  191  189  188  194  192  190  192  188  189  189  184  191  191  191  194  198  190  194  195  195  201  195  201  199  201  198  207  201  205  212  212  210  217  220  214  216  222  218  215  221  221  213  217  220  218  214  210  209  210  216  228  231  231  230  229  229  230  230  231  232  233  234  237  239  239  215  163  143  153  161  168  171  172  176  173  166  167  169  167  163  166  180  187  206  216  221  225  228  228  227  229  228  226  227  223  220  216  207  189  161  149  149  161  185  201  210  219  221  224  223  221  224  225  224  225  220  219  221  220  221  220  222  223  221  220  220  223  222  225  225  226  229  230  218  162   95   84   84   85   89   89   91   98   98  100  100  100  102   98   95   87   89   98  105  105   96   84   89   89   92   98  105  114  115  109   96  112  155  192  210  217  223 
 232  227  223  209  183  160  148  156  157  157  157  162  176  198  210  223  229  232  235  236  235  236  236  233  234  232  233  229  223  216  200  174  157  144  144  151  158  165  166  167  172  169  175  172  172  172  173  173  170  174  174  178  177  182  185  184  194  190  191  195  192  195  196  197  201  202  197  203  201  202  203  203  207  214  201  186  184  185  189  185  188  193  190  190  184  192  194  191  190  191  190  183  190  186  187  190  195  192  202  199  203  199  201  196  194  199  195  199  196  203  206  204  210  207  212  215  214  220  223  219  217  221  224  221  217  218  220  211  205  207  208  221  229  229  231  230  229  227  227  228  227  229  229  227  230  233  232  238  239  240  208  151  148  152  158  167  166  170  172  171  169  169  168  167  173  178  191  205  215  221  224  228  228  225  227  226  227  227  224  221  216  205  188  153  131  127  140  167  195  206  213  219  221  224  224  224  226  224  224  221  218  223  221  221  220  221  223  223  220  222  222  224  228  226  228  233  223  184  109   84   85   84   86   91   92   98  100  102  102   98  101   99   95   88   87   95  100  105   98   89   87   92   93   95  102  113  117  107  102  122  151  187  205  207  213  213 
 232  225  216  194  163  154  155  161  161  158  157  161  173  197  211  223  228  231  234  237  235  236  235  235  233  234  232  228  224  214  201  176  158  145  143  151  157  164  164  165  169  174  173  173  171  175  174  176  175  170  173  178  178  182  181  188  189  191  193  198  197  199  195  196  203  202  201  202  202  204  203  203  208  199  186  184  181  184  185  188  189  191  184  189  193  193  188  190  191  186  185  187  183  188  196  196  196  196  197  205  198  204  202  199  200  196  201  198  204  201  207  213  209  212  212  214  218  220  215  217  221  219  217  222  218  207  206  206  212  225  227  234  232  230  229  228  227  229  229  226  227  227  232  229  226  232  233  235  237  236  233  185  148  147  156  160  162  165  163  167  166  162  162  166  169  180  192  207  214  220  224  227  228  225  228  227  226  226  222  223  218  209  186  158  125  113  119  157  183  201  210  216  222  224  222  223  223  222  225  223  220  220  222  221  222  219  224  224  221  222  224  228  229  228  234  231  200  133   91   81   85   88   89   90   93  101  103  103  103  100  102   97   88   84   91   99  104   97   91   89   91   95  101  103  109  113  112  109  119  153  182  201  208  203  205  213 
 226  220  201  176  155  153  156  159  161  161  157  158  174  195  213  221  227  230  233  236  235  236  234  234  234  232  231  227  221  214  200  176  158  144  145  149  158  165  164  166  171  172  171  175  171  175  175  172  175  173  175  174  182  185  183  184  187  193  192  196  193  195  196  197  199  203  202  204  200  200  204  209  201  187  185  186  181  186  188  186  186  188  186  198  192  185  186  194  188  188  181  185  191  195  197  198  194  194  202  202  202  199  204  201  202  207  198  206  202  205  208  206  210  208  215  215  213  216  221  217  214  218  218  210  206  201  213  225  230  233  231  234  229  226  223  225  229  226  227  226  226  225  228  231  229  226  229  229  233  235  237  228  183  144  146  154  159  159  163  161  162  162  160  164  170  183  194  205  215  220  224  228  229  228  230  228  223  225  220  222  217  204  189  160  129  104  111  137  165  191  202  213  219  223  224  224  223  224  225  221  219  219  222  222  222  221  222  223  221  224  224  228  230  230  233  220  156   97   83   86   89   90   90   95  100  106  103  100  101  102   96   92   85   89  103  106  100   91   88   88   94   97  101  103  107  116  121  126  150  179  200  205  208  199  199  203 
 224  211  187  161  152  156  158  162  161  159  159  158  173  195  211  219  228  232  233  234  235  235  234  234  235  232  231  227  224  215  201  180  158  145  143  152  156  162  163  167  170  169  171  173  169  174  177  170  173  171  173  178  180  185  183  185  187  192  192  194  194  195  199  200  200  200  200  203  200  201  208  201  187  182  183  187  184  181  186  189  182  189  197  192  187  183  188  187  178  180  189  192  193  196  196  188  198  198  199  198  194  205  203  207  206  203  206  206  210  207  203  204  207  212  210  209  216  220  217  216  219  214  203  198  206  221  231  229  233  229  226  223  225  225  228  222  230  228  226  227  225  226  227  224  227  228  227  228  231  237  238  237  220  161  141  147  151  154  155  156  156  160  162  159  166  174  187  206  215  219  225  229  229  228  230  229  227  227  224  222  220  211  194  165  132  100   93  121  151  179  194  209  218  222  222  224  224  222  224  222  220  219  222  221  222  220  222  223  222  222  224  226  230  231  222  181  107   86   98   95   94   90   92  101  102  102  101  103  101   99   93   87   88   98  105  102   93   89   91   92   95   99  103  108  115  117  130  150  172  197  205  208  211  194  189  206 
 216  199  172  155  155  161  160  157  162  157  157  159  170  198  213  222  227  229  231  234  234  235  233  233  236  233  232  229  223  214  199  176  158  142  143  149  155  163  167  167  170  169  171  171  168  173  175  171  172  172  174  178  180  181  183  183  189  191  192  195  195  198  200  198  202  198  198  200  201  204  205  186  183  185  185  189  192  187  188  187  189  194  189  188  189  189  182  181  172  181  191  197  194  194  190  194  196  203  204  203  204  197  207  203  206  212  207  207  200  202  206  205  207  211  213  219  216  217  219  212  207  199  199  219  226  226  229  230  227  226  222  227  230  228  226  226  224  229  225  226  224  222  223  226  227  233  231  233  234  236  239  235  235  204  151  137  141  146  151  150  153  154  158  161  165  174  195  205  214  221  225  230  229  228  228  229  227  226  224  224  218  209  194  167  130   98   87  102  133  161  181  200  213  221  224  225  224  221  224  222  221  222  222  222  223  221  224  224  224  226  226  230  234  230  205  128   89   85   85   89   88   92   96   99  103  103   99  102  102   95   89   88   97  109  109   92   90   92   94   95   93   98  103  107  117  128  148  171  188  202  203  207  205  192  205  212 
 204  179  158  155  153  164  161  163  162  157  158  158  173  194  211  220  226  230  228  235  236  234  234  234  236  233  231  228  220  213  198  181  159  141  140  143  152  162  169  167  174  170  169  173  172  175  174  170  176  173  173  179  178  183  184  186  190  194  189  194  195  198  196  193  198  198  200  206  205  203  190  187  182  183  190  192  186  182  187  189  190  187  187  194  181  179  176  179  185  187  187  202  194  192  197  198  204  203  203  204  200  206  209  208  210  205  205  191  205  200  205  211  207  214  215  214  218  214  209  197  189  207  225  229  229  229  225  224  226  224  230  230  229  227  226  222  220  218  222  224  223  227  231  232  231  231  229  228  229  231  234  238  238  239  183  146  134  133  143  144  151  153  157  158  166  171  195  208  216  221  226  228  229  226  228  227  225  226  225  222  218  210  192  164  135   95   80   95  118  152  174  195  208  218  222  224  225  223  223  222  222  221  222  221  223  222  222  223  224  226  229  232  234  219  163   94   81   81   86   87   93   97  103  102  103  103  105  100   96   87   82   93  102  112  102   86   90   93   97   95   97  102  105  114  126  149  168  192  200  200  204  206  193  201  211  215 
 185  163  153  153  160  162  161  164  165  158  155  158  175  195  211  220  225  229  232  232  233  234  233  234  234  233  232  226  221  212  198  177  159  141  142  149  157  164  167  165  170  171  167  174  174  171  174  173  176  172  173  178  175  182  184  186  189  194  198  194  192  195  200  197  199  200  199  197  205  197  188  188  182  189  184  187  189  185  187  189  193  190  189  187  185  181  182  183  190  187  194  191  196  192  191  200  197  201  195  202  206  204  210  209  210  201  195  202  202  204  208  206  214  210  212  218  212  199  192  194  217  226  227  227  226  227  227  223  228  230  224  229  223  224  220  221  224  221  225  230  228  228  229  225  224  221  223  224  224  225  227  229  232  237  219  182  153  142  137  139  142  153  157  155  163  173  190  207  215  222  226  229  229  228  229  228  226  227  224  223  222  210  196  165  134   99   84   86  103  136  162  185  201  214  218  223  226  225  226  223  219  221  219  222  221  221  223  226  225  228  232  233  227  189  113   90   81   85   86   87   95  101  105  105  101  101  100   98   94   89   91  105  110  105   91   88   96   95   98  100  106  102  102  117  144  170  186  201  202  205  194  194  202  208  213  214 
 167  153  155  155  161  164  162  163  162  160  159  158  175  192  211  218  225  230  233  235  234  233  233  233  234  233  230  228  220  214  196  177  157  143  142  148  156  161  165  169  171  169  170  173  170  171  170  172  175  177  179  181  176  180  180  185  189  197  196  191  195  196  198  199  204  202  201  203  212  193  189  187  191  190  188  183  186  184  189  189  184  195  185  188  190  188  190  188  185  192  198  197  193  195  197  191  205  199  204  204  194  210  202  209  206  198  205  201  206  207  206  207  206  211  217  211  194  183  204  222  224  229  226  223  222  226  230  228  225  226  223  220  219  217  223  223  229  227  223  224  222  220  222  224  224  228  226  228  228  227  230  230  231  235  239  237  214  172  133  135  136  145  149  150  163  173  192  207  214  220  222  228  229  227  230  228  226  227  223  223  220  212  195  165  135  102   88   87   95  111  143  170  192  207  214  221  225  227  226  224  222  222  220  221  222  223  223  225  225  230  234  232  208  137   90   83   83   86   87   92  103  107  106  104  103  103  101   92   90   87   99  113  106   95   87   91   98   95   99   96  101  104  108  131  166  189  196  202  205  205  193  196  211  212  213  215 
 154  151  157  160  161  163  162  162  163  158  159  159  172  194  208  218  225  230  231  234  232  233  231  232  235  231  231  228  221  213  200  181  158  145  143  150  157  162  166  168  168  172  172  171  169  174  173  172  174  175  174  175  178  185  183  188  189  191  192  193  192  197  197  198  198  200  201  215  204  187  188  187  188  193  194  184  183  183  188  188  188  192  186  191  191  195  184  191  187  195  198  193  197  190  201  201  205  208  201  202  208  202  207  205  203  203  191  199  196  200  204  202  208  211  207  195  195  215  225  220  225  219  222  227  224  229  230  229  224  220  224  225  221  227  219  221  221  223  223  224  223  227  229  228  225  226  228  228  227  227  229  231  230  232  234  240  241  223  177  161  129  138  143  148  158  173  190  206  215  221  224  227  229  227  229  227  228  226  226  222  220  210  192  168  139  105   90   84   87  101  126  152  177  200  211  217  224  226  224  225  224  220  218  222  224  224  225  227  228  231  233  220  166   98   83   84   83   88   92   93  104  105  106  108  103  101  101   92   85   96  107  107   96   93   92   91  102   97   99   96   98  108  123  157  188  198  198  199  205  200  196  208  215  214  214  215 
 152  153  158  162  163  163  161  163  160  161  156  160  172  193  208  218  225  229  231  234  232  232  233  233  233  232  231  228  220  212  198  179  160  144  142  150  159  163  166  167  174  169  174  172  171  172  172  171  173  177  173  176  179  184  187  191  192  193  194  192  193  199  194  194  197  198  206  212  193  184  183  177  182  190  194  187  186  186  190  182  187  183  186  186  187  193  191  189  200  203  199  194  197  205  203  208  208  200  207  206  204  204  200  206  200  198  202  194  204  203  204  199  191  196  191  200  219  225  225  223  217  226  219  224  225  220  223  222  221  222  222  227  223  222  220  224  225  223  230  228  229  225  228  226  228  226  226  228  227  227  232  229  230  232  230  234  236  240  226  178  125  128  135  143  155  168  189  204  213  220  223  227  227  227  230  226  226  227  229  222  222  212  191  169  139  108   94   86   87   95  108  141  167  186  204  216  221  224  225  224  221  219  219  222  224  223  226  225  227  233  228  189  114   89   84   85   86   89   95  101  106  104  105  103  102  100   97   91   94  102  106  102   92   91   99   97   99   97   96   93   98  117  152  180  197  198  195  201  198  193  206  210  213  214  215  212 
 154  156  161  162  163  163  162  161  159  158  158  159  172  193  212  220  226  230  230  232  231  233  233  234  232  233  231  229  222  216  197  175  159  146  141  149  154  159  164  164  166  167  171  174  174  180  175  173  171  173  172  177  178  183  185  183  188  190  194  194  196  198  192  189  196  196  221  202  186  177  176  174  182  186  194  190  191  185  190  190  189  189  187  185  188  184  190  194  197  200  193  200  206  207  210  206  198  203  203  206  204  197  205  201  200  199  199  200  197  203  198  188  188  190  209  220  225  224  224  224  224  223  223  219  218  221  220  217  223  224  222  221  224  225  230  225  232  227  223  232  227  228  226  226  225  228  225  226  226  227  227  225  230  229  228  229  230  234  239  220  154  118  126  139  152  167  186  205  211  219  223  226  227  229  228  229  227  226  226  227  221  210  196  169  139  106   92   90   88   88   97  117  143  175  197  210  217  221  224  223  221  221  219  220  223  223  225  226  230  232  209  140   94   85   86   91   90   93   99  105  105  103  101  100  103   98   94   91   99  103   99   91   86   94   96   99  104   90   92   92  112  147  181  199  202  198  195  193  192  199  210  213  213  212  213  212 
 155  156  161  162  162  162  158  162  163  160  158  160  171  191  210  219  225  227  228  232  230  230  232  232  232  231  230  229  223  214  196  175  156  144  144  150  154  163  165  170  168  170  172  173  171  174  170  172  171  172  173  176  179  181  185  187  189  191  193  192  194  195  190  192  194  221  232  197  180  180  182  179  183  185  189  189  189  188  188  187  188  185  182  185  187  196  191  196  195  196  203  198  203  210  204  204  198  196  206  208  204  207  208  202  194  194  192  186  196  186  189  186  205  218  217  218  222  225  230  223  222  222  220  223  215  217  223  220  217  218  217  226  225  229  228  225  224  231  226  222  229  226  227  224  226  229  227  229  229  227  227  224  225  231  230  232  231  232  232  237  200  125  125  135  147  164  185  203  212  219  223  229  229  228  228  228  227  225  225  224  219  210  196  168  137  109   92   93   93   90   91  102  126  155  178  202  213  218  219  221  219  222  220  220  224  222  228  228  230  220  165   98   88   88   88   89   88   95  104  106  103  103  105  104   99   96   89   94  103  101   96   88   94  100  101   95   95   86   94  106  133  171  199  205  199  195  186  190  201  210  210  212  213  213  213  213 
 160  158  161  162  161  163  161  160  161  159  158  160  171  194  209  219  225  229  228  231  233  231  232  231  232  231  230  229  220  211  197  179  157  139  141  149  154  161  163  161  170  168  170  172  172  171  173  171  173  175  173  178  184  181  181  185  192  195  195  189  192  193  193  186  191  234  230  193  176  185  182  178  179  186  181  186  185  193  190  192  185  189  187  196  193  195  198  188  200  203  203  204  209  209  205  191  194  207  197  212  204  205  205  195  194  189  190  192  186  180  191  211  220  225  220  222  222  228  224  223  219  223  221  217  222  218  217  215  216  223  224  224  227  226  228  227  225  227  229  224  226  225  229  225  227  227  224  225  225  223  224  222  222  224  228  230  230  233  235  235  226  163  151  132  141  158  180  202  212  221  223  228  227  227  227  227  227  228  224  222  219  210  199  171  142  114   93   92   94   92   90   94  109  134  159  187  202  210  213  218  219  218  219  220  222  221  226  228  224  195  115   86   86   84   88   90   96  100  105  102  103  102  101  101   98   90   93   98  104   98   90   93   97  106  104   96   88   82   95  131  167  196  207  204  200  193  185  199  205  212  213  212  214  211  212  213 
 159  160  161  163  160  160  160  161  160  157  155  156  167  191  209  219  226  228  230  233  230  232  233  233  233  232  230  228  221  212  199  178  155  141  139  149  152  157  165  164  169  170  170  171  171  170  173  176  172  174  173  178  180  184  185  187  190  194  189  191  188  186  184  180  206  244  218  183  175  183  179  175  182  183  187  187  185  188  190  190  197  194  196  195  195  191  196  199  191  199  205  209  211  199  194  197  200  194  206  206  206  208  196  197  193  195  184  173  178  193  214  220  219  225  224  224  224  220  221  219  223  220  221  220  212  218  220  225  223  219  223  227  223  227  225  225  227  223  227  227  221  227  224  225  222  225  223  223  222  220  221  224  223  228  227  229  230  232  235  237  235  208  157  115  137  154  175  199  212  218  222  227  228  227  227  228  226  227  225  222  220  211  196  169  143  114   98   96   95   95   92   92   93  107  134  160  178  194  204  209  214  214  207  217  218  220  227  227  208  142   90   89   87   90   90   95   98  103  106  102  102  104  104   99   94   93  100  102  101   91   91   98  104  105   97   88   79   84  113  155  191  208  206  196  192  190  199  208  211  213  214  211  212  212  213  213 
 162  162  159  162  160  158  161  160  158  157  154  156  167  191  209  219  225  228  230  234  233  234  232  233  233  232  231  228  221  211  199  177  153  142  141  147  155  161  166  167  167  168  172  172  172  177  176  171  173  173  175  177  178  181  186  183  189  193  194  192  189  188  185  185  231  245  205  176  178  174  178  181  184  185  186  188  186  191  193  189  196  196  197  193  190  203  198  196  201  201  209  207  195  202  204  196  200  205  198  205  205  197  199  182  194  178  170  180  204  221  220  219  225  226  227  222  221  219  219  223  220  221  212  211  220  224  228  222  225  222  219  223  223  222  227  227  226  226  220  226  225  223  229  224  222  216  218  223  224  228  228  224  225  224  226  228  228  228  233  233  238  238  203  125  126  146  169  200  208  218  223  228  226  227  226  223  227  227  227  224  219  211  196  168  135  112   96   93   96   94   91   91   88   89  103  129  164  200  224  230  235  238  224  212  220  227  226  214  162   98   86   85   89   89   93   94  102  104  103  103  100  103  104  101   94   99  101   98   93   90   96  104  102  100   95   89   83  104  144  183  204  208  200  195  187  196  204  212  212  213  211  211  214  211  212  213 
 158  158  160  158  159  156  155  160  156  156  157  157  167  188  211  218  224  230  231  232  232  232  231  232  232  232  232  228  222  215  198  178  158  141  143  151  154  161  161  168  167  167  175  171  172  168  171  168  169  170  174  176  178  183  183  183  189  190  187  190  192  187  181  199  249  239  206  174  177  179  177  179  184  186  184  191  190  189  186  181  184  196  189  196  200  195  205  202  203  202  195  201  205  207  201  205  198  196  207  209  197  182  185  191  180  174  188  211  219  221  222  224  223  225  217  223  221  221  220  216  215  213  216  223  222  225  225  224  222  226  222  219  226  225  226  227  224  222  222  223  224  224  221  219  222  221  223  224  225  224  227  226  223  223  226  226  228  228  230  234  235  238  227  143  121  145  172  195  212  220  221  226  226  225  228  226  227  228  227  224  222  211  194  169  138  111   97   90   95   91   90   84   79   78   91  156  215  232  237  236  226  222  221  229  237  237  230  196  108   85   82   85   88   91   91   98  104  102  103  101  104  101  102   98   94  102   99   93   95   93  100  103   97   92   85   92  107  138  177  199  206  205  198  192  195  205  210  213  211  212  211  211  211  210  210  214 
 152  153  157  156  158  156  157  158  159  156  155  153  163  186  207  215  225  229  231  233  232  231  233  230  231  231  232  228  223  215  199  177  153  136  136  149  151  159  158  160  166  166  167  169  167  165  164  166  168  168  171  175  176  180  181  184  184  189  188  187  185  181  176  219  251  232  192  175  177  179  179  180  184  187  193  199  186  192  192  187  188  191  194  191  201  202  200  205  208  205  203  202  209  204  199  195  206  207  205  195  175  180  186  178  176  198  217  218  215  224  227  224  219  217  216  216  222  222  219  210  215  220  224  220  222  221  224  224  226  221  225  223  223  224  221  222  225  223  219  221  217  216  224  225  227  229  222  222  224  224  224  225  225  221  225  227  225  228  228  230  235  235  234  178  119  140  164  194  209  217  222  226  226  228  229  227  228  227  225  224  221  209  190  171  140  109   92   92   92   86   85   80   75   88  158  221  237  236  230  219  215  224  229  236  236  237  238  219  106   76   81   84   86   92   92  102  104  102   97  104  102   96   97   97   98  102  100   95   93   96  106  108   97   87   80   93  126  166  197  207  206  197  193  195  206  209  211  212  212  213  211  212  211  210  211  211 
 156  155  155  157  157  157  162  159  164  158  157  156  165  188  210  217  225  229  230  232  233  233  232  229  232  230  232  228  223  214  195  174  153  134  141  147  150  155  158  161  166  167  172  167  167  168  168  165  169  172  171  175  177  178  180  180  182  188  184  187  186  175  184  240  248  226  196  178  175  180  183  183  189  181  188  189  193  192  197  192  192  194  189  194  198  203  204  201  206  208  198  199  200  194  200  206  207  205  189  181  185  173  169  185  207  215  216  221  221  223  224  217  216  216  214  217  217  215  214  221  223  223  219  220  222  223  223  221  224  221  221  226  218  220  224  220  222  223  214  216  221  223  227  226  225  228  226  224  222  225  224  222  225  225  224  223  226  225  227  227  234  235  233  205  133  134  159  190  208  217  221  223  225  228  229  229  227  229  225  223  218  211  189  166  136  108   92   87   87   81   77   74  102  176  224  237  232  219  213  223  228  236  239  242  245  244  239  232  144   72   78   83   88   88   98  103  104   99  100  105  102   97   97   96   97  102   96   91   96   98  103   99   96   85   85  111  155  188  206  207  202  198  195  199  210  213  214  212  212  209  209  211  211  211  211  212 
 156  153  159  158  160  164  161  163  165  160  157  159  170  188  206  214  223  228  231  232  234  234  233  234  233  231  231  230  220  210  198  176  151  135  139  144  145  154  159  162  168  168  172  174  173  174  170  170  172  171  173  177  176  182  183  180  191  190  187  186  184  177  199  251  243  230  202  176  173  177  178  184  190  182  181  194  195  193  191  196  188  196  193  195  202  201  206  205  198  196  200  181  184  206  206  208  202  194  198  190  178  174  194  216  217  219  221  227  220  216  220  216  214  215  217  214  209  214  222  220  223  217  221  219  218  222  223  220  221  224  220  221  223  218  220  218  216  215  221  225  225  223  225  226  225  223  225  226  223  221  224  223  222  225  222  222  221  223  224  226  228  233  234  225  170  130  153  188  210  216  218  223  226  228  227  226  227  228  226  222  219  209  190  164  138  103   86   81   79   72   75  123  194  229  235  226  208  210  229  234  236  239  239  239  242  244  247  243  197   75   77   80   85   88   94   98  102  103  105  104   96   93   93   98   98   98   88   91   99  104  102  102   90   89  106  143  180  204  211  204  196  194  199  208  213  212  213  213  211  212  212  210  210  210  210  210 
 159  156  159  159  163  162  163  167  169  163  159  161  166  191  209  218  225  228  231  233  233  234  233  232  233  231  231  229  221  215  201  173  151  134  134  143  145  153  160  166  165  170  173  171  173  172  173  175  178  174  175  176  176  179  185  187  192  191  190  184  180  179  211  249  246  224  195  175  174  171  180  182  186  180  192  198  187  192  193  188  191  182  189  202  206  207  196  187  195  189  170  192  210  209  203  200  195  196  188  180  185  200  215  216  222  221  221  221  216  213  215  215  219  218  212  215  219  219  220  217  220  219  218  221  219  223  222  218  224  222  222  221  219  220  214  214  221  227  225  227  225  224  226  226  225  224  220  222  223  219  221  223  225  222  222  223  221  220  224  224  225  230  233  232  213  154  151  185  207  215  220  224  226  229  230  229  229  228  225  223  219  205  189  163  124   93   77   72   73   81  147  210  232  233  214  203  217  229  236  237  235  236  235  235  238  239  244  245  216   95   76   78   85   93   95   98  101  104  102   97   99   91   99  102   98   91   90   92  100  101  101   94   90   99  131  172  198  208  206  199  193  198  207  211  213  213  213  212  213  211  210  211  210  210  212  210 
 160  158  162  159  165  166  168  170  167  166  162  163  172  184  206  217  224  229  232  235  234  236  233  234  234  233  233  228  222  213  198  175  150  140  138  141  144  155  157  168  168  174  176  169  173  175  176  177  177  176  174  179  180  180  183  184  190  191  187  184  182  179  238  251  241  219  190  172  168  175  178  178  186  189  191  192  185  185  194  191  188  201  203  204  199  193  189  194  183  184  197  207  206  202  192  197  190  179  179  173  200  219  219  217  222  221  216  218  215  211  212  217  214  213  217  225  220  219  215  216  222  221  222  216  221  219  220  221  218  225  218  221  215  215  221  222  227  225  224  222  224  224  228  223  221  223  223  222  220  220  219  224  225  225  223  222  224  224  225  224  223  229  230  231  229  192  151  177  205  216  218  224  226  228  231  230  229  227  224  222  216  205  185  156  117   87   71   67   91  165  218  233  227  207  197  215  233  236  235  234  230  231  233  234  232  234  242  247  226  120   74   82   89   93   94   97   98  101   98   98   96   96   99   94   87   86   95   97  104  105   98   96   92  117  159  193  209  209  202  198  198  203  213  211  213  214  214  214  211  213  211  212  211  210  211  213 
 160  162  161  164  165  168  169  168  170  169  166  164  170  188  205  219  226  228  231  234  233  234  233  234  235  234  232  230  220  214  195  174  150  139  141  144  148  159  161  164  172  172  174  172  174  178  178  177  177  176  180  178  179  182  187  185  192  193  188  185  180  185  244  249  242  217  185  170  170  175  173  180  184  190  188  179  172  191  187  190  204  202  200  204  192  191  191  183  194  209  205  202  193  195  205  193  184  184  179  206  217  219  222  219  218  216  213  215  213  220  218  211  217  220  221  219  219  216  216  218  224  222  220  222  215  219  220  217  222  216  217  213  219  226  226  226  223  226  222  224  219  220  225  226  224  222  224  223  220  220  223  223  227  224  223  223  222  219  221  221  223  223  225  228  231  220  170  173  201  212  218  224  226  228  231  230  230  229  223  221  214  198  181  150  102   74   69  111  181  226  235  222  202  202  220  233  236  234  232  231  229  232  229  225  225  232  239  246  231  132   75   80   89   90   93   98   98  102   98   96   96   96   97   92   86   93   98   98  104   98   93   89  102  141  181  207  211  206  203  198  203  208  215  214  216  214  211  212  212  213  211  210  211  209  210  214 
 164  164  165  168  166  170  168  167  172  167  171  168  172  192  211  220  225  228  232  233  233  234  234  233  234  233  233  228  224  214  195  174  152  142  141  145  154  160  164  163  173  170  174  175  174  178  180  178  178  177  180  181  184  185  188  184  191  192  191  181  178  197  251  247  237  224  181  172  173  177  179  184  183  179  167  174  194  193  195  195  201  205  192  195  195  180  186  200  200  206  200  194  200  206  194  186  180  186  211  222  217  223  220  216  214  214  209  217  218  215  215  221  223  222  219  218  216  220  222  223  217  222  214  218  220  219  218  217  217  217  213  222  220  224  225  224  225  223  224  225  224  219  221  225  224  222  222  224  225  224  223  223  221  218  216  218  220  221  223  222  224  222  223  225  228  226  203  177  198  214  221  224  226  229  230  230  227  229  225  219  212  193  170  139   93   93  142  201  232  232  219  200  206  223  233  234  234  231  231  228  221  225  225  227  232  234  239  244  231  129   74   82   91   91   96  100   99   95   91   92   93   99   95   90   93   95  100  102  100   89   85   90  123  170  204  209  209  202  199  202  209  212  215  215  214  213  212  210  210  210  212  208  212  211  211  214 
 168  167  166  170  167  171  173  174  175  171  171  170  172  188  209  218  225  229  230  233  234  234  233  233  234  232  232  231  226  217  198  177  157  144  146  150  154  161  160  167  172  175  176  173  177  177  180  179  180  177  179  185  186  186  185  186  192  192  190  184  179  209  251  247  233  208  188  175  178  176  180  178  178  163  172  191  190  195  198  203  202  196  200  193  186  192  196  195  206  203  201  208  203  197  186  172  188  209  218  220  219  218  217  212  212  216  213  216  212  215  224  221  224  221  216  213  219  220  223  218  221  215  218  215  221  218  218  214  209  217  222  221  222  221  227  225  225  222  220  223  223  224  222  220  225  226  220  220  220  221  214  212  218  219  223  224  225  223  220  224  222  224  222  222  227  226  229  210  201  213  221  225  228  229  231  229  228  225  222  218  210  187  159  126  134  182  220  233  226  212  205  215  227  236  233  232  231  228  228  222  221  225  225  228  233  235  242  244  229  127   72   79   90   93   98  102  102   97   95   96   96   93   90   91   96  103  101   98   94   78   76  102  149  195  209  210  206  202  200  209  212  216  214  213  214  213  211  211  210  210  210  208  211  208  210  211 
 169  167  171  171  174  175  175  176  175  171  173  170  174  194  209  220  225  228  231  233  234  233  232  234  234  236  234  231  226  216  198  180  161  145  149  153  156  164  165  167  174  172  180  182  180  179  180  182  181  179  179  182  186  190  185  190  191  194  190  183  179  224  251  247  226  209  186  171  167  173  175  178  173  183  191  199  193  197  192  191  198  197  179  193  199  197  196  206  205  204  195  198  199  183  167  184  215  216  215  223  219  211  210  209  213  218  211  209  216  219  222  222  220  219  220  221  217  217  220  221  219  218  215  220  217  213  209  211  223  223  220  219  220  222  222  224  222  224  224  221  223  221  223  222  220  224  225  219  209  203  212  222  221  220  220  224  221  221  220  221  220  221  221  220  222  224  226  231  222  211  221  226  228  228  229  229  227  226  221  213  202  175  156  172  210  233  229  218  210  206  219  230  232  232  230  229  230  225  222  222  224  226  228  232  233  235  242  243  226  117   76   84   89   91   98  102  100   95  100   96   97   95   93   97   99  106  104   99   83   71   82  131  178  207  211  206  202  200  206  213  214  216  214  213  214  212  211  211  211  211  212  210  211  207  208  211 
 170  170  173  173  173  173  172  172  170  175  171  172  176  195  210  220  225  228  229  232  233  233  234  234  236  237  236  233  225  213  198  179  162  145  147  151  156  160  164  169  173  172  176  178  177  182  180  178  179  177  179  182  184  185  190  188  191  193  190  184  182  233  252  243  222  202  185  172  167  168  172  176  190  193  189  189  193  185  176  189  191  183  197  205  198  200  205  199  199  187  187  196  180  169  190  211  215  219  217  210  212  211  209  209  214  204  212  221  220  218  220  219  220  218  219  221  215  216  218  216  218  216  218  217  214  207  214  219  218  220  221  219  217  215  222  221  223  222  223  221  225  222  220  223  221  223  221  212  203  209  221  222  222  221  222  223  220  222  224  221  221  218  216  220  220  221  224  226  230  222  220  227  228  227  228  226  225  222  217  210  196  184  206  228  232  223  213  214  213  221  229  231  231  230  226  224  227  223  223  224  226  227  229  229  237  236  241  241  221  102   79   84   90   92   95   97   96   99  100   97   95   94   94  101   98  103  102   95   79   75  108  164  196  210  209  204  199  203  211  214  213  214  212  212  213  211  208  211  210  211  212  209  212  210  207  207 
 171  170  168  171  174  177  176  173  175  174  172  173  180  197  214  220  224  228  232  233  232  233  235  234  235  236  236  232  226  216  202  185  159  146  147  151  157  162  165  170  177  173  175  177  178  178  177  176  180  176  175  184  185  184  186  183  190  187  186  176  177  242  252  239  217  197  194  175  166  176  176  186  187  189  178  189  181  179  195  192  189  198  199  200  205  203  203  201  187  191  190  181  173  196  216  218  215  216  214  211  205  206  213  202  197  213  221  223  219  220  223  218  216  219  213  220  217  216  217  217  217  220  216  211  205  216  222  220  219  218  219  221  219  219  222  223  220  223  221  219  222  224  224  221  224  222  206  206  216  217  217  217  220  221  222  221  223  223  222  220  221  218  215  217  219  217  221  222  225  228  219  227  229  228  227  226  223  220  214  210  212  223  234  230  219  216  214  215  223  231  230  229  228  226  223  226  225  221  225  226  225  227  230  232  234  236  240  240  210   80   78   86   94   94   93   96   94   98   99   94   93   90   91   98  102  100   95   90   79   93  142  186  208  211  209  201  201  208  214  215  213  212  212  213  215  212  211  211  209  211  210  211  210  209  212  210 
 170  170  176  175  173  173  170  171  176  172  174  173  182  203  216  222  226  226  229  232  233  235  236  235  236  236  237  231  225  215  200  183  158  147  151  155  154  164  165  167  176  171  177  178  177  177  175  179  175  175  180  181  178  183  188  186  190  185  179  173  183  245  248  231  214  209  192  181  173  173  180  181  184  174  178  172  185  195  192  194  186  190  205  203  205  201  189  183  194  194  184  180  192  211  215  219  217  212  208  212  210  206  196  202  214  217  221  221  218  219  220  219  214  211  215  213  216  221  219  218  218  218  211  209  219  218  220  220  220  219  218  217  219  221  218  219  220  221  219  221  220  224  225  224  217  210  209  214  217  215  220  219  220  221  220  219  219  223  220  221  220  221  219  215  215  217  214  215  220  225  223  227  229  230  227  222  219  219  216  224  234  230  220  216  218  212  218  226  230  228  227  226  224  223  224  223  224  223  226  226  226  229  232  234  235  235  240  239  191   75   80   84   93   92   95   92   93   99   98   94   92   91   92   98  103  100   96   93  104  128  171  202  210  210  206  204  206  213  215  216  214  213  213  212  213  211  209  210  210  207  208  210  210  207  211  210 
 171  172  172  175  174  174  172  172  172  171  173  177  187  203  217  223  227  225  233  234  234  235  237  237  237  237  236  232  227  219  201  179  160  148  146  152  156  164  163  167  171  169  173  178  176  179  177  178  177  176  177  177  179  183  185  187  182  185  174  169  197  252  248  224  222  208  200  181  182  178  179  176  179  175  169  181  177  187  188  174  184  197  194  197  197  186  187  198  190  186  186  204  215  212  218  216  215  207  208  212  210  192  200  213  218  216  213  217  219  218  215  214  216  215  212  217  220  218  222  217  214  209  214  219  220  219  217  217  224  220  220  219  216  216  221  216  215  219  223  224  223  223  223  216  207  213  219  221  217  217  216  214  219  217  216  218  217  220  221  219  217  218  216  216  213  214  213  211  215  219  221  220  226  226  226  221  216  220  226  230  224  217  218  217  215  224  230  230  228  224  224  222  221  224  225  223  226  226  226  226  227  231  232  234  237  238  240  238  166   74   82   87   93   94   96   97   96   97   91   91   89   90   96  100  102  102  101  108  126  155  193  209  209  209  206  205  209  213  215  214  213  214  214  212  213  213  212  213  211  209  209  208  210  208  208  210 
 172  173  174  179  173  171  171  173  177  173  174  176  187  203  214  221  226  228  232  234  235  236  237  235  238  237  236  233  227  219  205  178  159  146  147  151  154  164  164  170  175  173  172  175  175  177  176  177  175  176  174  178  178  183  187  185  181  183  174  168  213  252  245  234  221  210  200  180  184  180  178  184  188  176  181  179  183  189  179  191  199  200  195  186  189  195  200  197  193  184  204  215  211  215  214  213  210  209  210  200  190  203  215  217  217  217  216  214  216  213  218  215  214  217  217  215  215  220  218  213  204  214  219  219  216  215  216  217  219  222  215  218  219  216  215  218  218  218  219  219  214  209  213  216  218  220  216  213  213  212  212  213  216  216  217  221  220  216  217  218  216  216  214  215  212  210  212  208  211  215  220  219  223  223  220  219  223  231  225  222  224  224  220  218  228  231  229  226  225  220  222  223  223  223  223  226  228  225  225  227  225  228  229  232  237  237  240  235  136   79   81   88   93   95   97   96   97   97   90   86   93   96   96  101   99  100  112  122  145  177  206  210  209  206  207  207  212  214  214  215  213  212  212  211  212  211  213  213  209  207  209  209  210  207  208  209 
 173  171  175  179  173  172  173  176  175  177  178  177  189  202  213  221  227  229  234  235  234  238  238  236  237  238  239  233  226  220  206  180  159  145  146  150  157  164  164  168  173  171  170  175  175  177  177  175  176  174  173  174  178  180  185  181  184  181  168  167  230  253  247  233  222  211  201  190  180  178  172  180  182  184  181  188  181  184  191  188  196  196  186  191  200  202  204  192  179  203  213  213  212  216  214  207  210  209  205  191  204  217  218  215  216  216  218  210  206  216  216  216  217  216  215  220  212  211  211  209  216  220  218  218  217  218  219  218  220  217  220  216  217  218  215  217  221  220  221  212  210  216  220  219  219  215  207  214  218  217  219  216  219  217  217  222  218  215  215  217  217  216  214  213  210  207  211  210  211  212  214  218  220  219  224  231  228  217  218  222  223  227  229  230  229  228  226  223  221  223  224  222  223  225  226  227  227  225  226  223  222  230  230  233  237  238  241  228  118   74   86   92   96   98   94   96   97   93   93   88   94   98   98   99  100  106  116  131  163  195  211  211  205  202  205  207  214  213  216  214  210  212  212  210  211  210  210  211  212  207  209  210  209  207  208  208 
 175  172  173  179  175  173  171  170  173  175  176  182  186  203  213  220  228  231  232  235  236  238  238  237  239  238  238  234  228  222  204  183  161  145  143  150  156  165  167  168  173  173  174  175  175  176  177  175  175  174  174  177  178  178  184  181  183  178  169  174  239  252  246  236  224  216  206  190  179  177  186  181  181  172  182  191  189  196  192  190  199  191  193  204  203  200  191  181  200  214  211  214  215  212  210  207  208  202  192  204  214  211  214  216  216  214  209  215  212  212  218  217  218  219  213  215  216  207  212  218  220  221  216  214  219  218  219  218  215  220  214  220  217  215  222  219  223  220  214  215  217  215  218  220  219  215  216  214  218  216  217  215  215  217  218  218  215  213  216  214  216  214  211  212  211  207  206  210  208  211  211  218  220  226  231  226  218  220  220  219  225  230  230  227  226  226  223  224  222  222  223  223  224  226  225  227  227  226  221  221  223  230  231  233  238  239  242  218   92   76   85   89   93   94   96   99  100   93   89   89   96   99   97  100  107  113  127  150  185  209  214  210  204  206  207  209  214  215  215  215  214  213  213  210  211  211  211  212  210  208  212  210  210  203  209  209 
 173  170  171  172  172  170  170  172  173  178  178  179  182  196  207  219  228  230  234  236  238  238  238  240  241  237  237  235  228  220  203  182  159  147  144  150  157  166  170  171  173  171  174  171  173  177  174  171  173  172  175  176  177  180  185  181  182  177  170  184  246  251  243  233  226  221  207  204  192  197  183  179  180  175  186  192  190  194  205  198  199  198  200  203  201  190  177  194  212  215  212  212  210  210  212  210  194  189  204  213  211  212  211  210  213  206  213  214  214  217  215  215  218  219  216  212  209  213  224  220  220  216  219  219  217  218  218  218  220  216  214  215  217  219  220  221  216  216  217  219  220  220  219  214  214  218  217  217  212  217  215  217  216  220  218  215  214  212  214  213  212  212  209  210  212  206  201  200  206  210  214  224  228  223  221  222  223  222  225  229  233  229  226  226  224  224  221  223  224  223  223  224  224  225  224  226  228  224  218  220  225  229  230  234  238  240  238  193   75   79   88   91   95   93   98   97   91   92   89   96   98  101  102  100   98  110  138  172  202  213  209  208  203  209  210  213  215  215  213  213  212  213  212  211  210  211  210  211  208  209  210  209  209  209  209  210 
 176  171  170  172  169  175  172  170  171  172  175  179  183  194  205  217  228  229  232  237  237  238  237  238  238  238  239  233  228  219  205  182  159  146  146  152  158  161  165  170  175  178  176  175  171  176  175  174  174  173  175  180  178  182  189  180  182  174  168  186  248  253  244  241  228  222  216  210  203  204  193  188  184  179  185  184  188  188  173  188  201  193  196  200  187  182  195  209  214  212  213  205  202  209  211  195  196  210  213  210  210  211  213  198  204  213  210  216  216  218  219  215  211  213  214  211  217  220  217  220  219  219  219  222  220  217  217  220  218  217  216  214  215  218  217  213  216  222  219  216  216  216  214  214  215  216  215  218  213  212  218  216  215  216  212  215  211  212  212  213  213  211  208  207  208  201  201  199  211  223  228  221  215  210  219  224  221  225  230  232  229  228  219  220  223  222  224  222  223  222  224  225  223  226  227  228  227  216  215  220  222  228  230  234  238  237  233  150   75   81   89   91   93   94   98   99   91   88   89   93   98  103  101   93   90  117  157  190  210  213  207  207  203  209  213  213  215  214  212  214  212  215  213  212  213  211  211  213  212  209  211  210  211  210  211  211 
 167  170  169  169  170  171  170  168  171  175  172  172  178  192  208  219  226  229  234  235  237  237  238  238  240  238  238  234  227  220  204  183  160  147  146  153  159  166  167  169  174  175  180  174  172  175  178  173  173  175  176  178  178  181  179  180  179  173  168  191  248  251  244  232  221  221  214  214  200  203  197  194  181  187  182  188  184  175  181  193  194  192  195  186  180  194  214  210  213  213  206  210  203  208  190  185  208  217  214  216  211  211  209  202  208  209  212  213  215  220  217  216  213  206  213  221  222  222  220  213  219  222  220  220  222  221  216  218  220  218  214  216  215  214  217  220  216  221  219  219  217  213  219  217  215  218  215  217  218  215  215  217  216  215  213  210  212  210  213  213  213  213  207  203  200  197  205  221  227  222  213  213  221  221  223  224  227  230  229  227  226  219  219  222  223  223  222  223  223  223  225  224  225  228  228  228  214  210  210  218  217  229  227  230  238  237  225  111   81   84   87   89   92   96   97   99   95   85   96   96  101  103   99   89   90  132  174  206  212  209  204  207  208  209  214  214  213  215  214  215  213  215  214  213  212  210  211  212  210  212  211  211  210  212  213  212 
 172  172  170  171  171  170  173  172  172  172  168  170  178  195  207  220  225  232  236  237  235  237  237  236  237  236  236  234  228  220  203  180  160  151  146  152  160  163  166  168  174  176  177  177  177  172  176  176  174  175  178  176  180  182  178  181  179  175  167  197  248  251  243  237  226  219  215  221  211  214  209  187  186  180  182  179  181  193  185  191  203  185  170  181  199  211  213  211  214  208  211  209  208  178  187  208  214  211  211  213  213  208  206  205  210  211  209  216  208  212  217  210  208  212  219  222  221  218  219  218  213  220  221  218  219  221  222  218  215  213  214  217  214  213  219  218  218  219  209  214  215  217  220  218  215  217  217  218  216  215  214  216  215  216  216  217  214  214  212  213  212  212  204  198  199  219  230  225  214  214  217  220  223  224  229  229  227  227  227  224  222  221  221  222  222  223  223  223  224  224  227  225  226  228  227  219  212  209  211  216  221  224  222  227  236  234  197   83   79   85   90   93   95   95   94   93   90   91   95   96   94   96   95   95  109  156  192  211  213  207  205  206  210  212  213  213  214  216  214  214  214  212  212  213  212  211  210  212  211  209  213  211  210  211  212  212 
 171  168  168  168  169  169  170  171  172  174  172  171  180  196  208  221  227  230  235  238  235  236  237  237  236  236  237  234  227  222  205  175  159  147  147  152  158  165  171  168  174  176  172  173  175  173  177  175  173  173  177  176  175  180  178  181  181  176  163  189  249  248  243  237  238  232  223  223  222  216  203  192  198  187  168  172  188  181  191  199  196  181  176  197  213  212  209  210  206  209  212  198  178  187  208  212  216  214  209  210  206  213  209  210  214  212  203  204  214  206  209  206  218  223  221  218  217  217  218  216  219  214  215  219  217  217  217  216  215  214  211  218  216  216  216  212  209  208  213  214  216  216  216  219  219  217  213  215  214  215  216  214  213  216  215  214  216  210  212  207  208  203  200  212  228  230  218  216  218  221  221  224  226  228  229  226  223  221  220  220  220  221  223  225  223  222  222  224  226  225  225  227  226  227  225  212  210  204  207  214  216  206  216  225  234  229  139   81   83   93   93   96   96   97   95   94   87   91   95   94   90   93  109  121  140  178  208  210  210  207  206  208  209  213  214  215  216  213  215  216  212  211  211  211  210  209  211  208  209  212  211  210  211  211  210  212 
 172  169  169  169  165  166  165  169  169  169  172  177  179  191  207  221  228  231  235  237  234  237  236  234  237  236  235  233  229  222  203  176  156  145  146  151  158  166  168  169  173  174  169  170  176  176  176  174  176  174  176  176  176  180  180  177  177  171  162  190  249  250  242  236  229  229  219  223  216  218  215  210  197  177  170  175  172  187  195  189  191  179  195  210  213  212  212  203  207  208  201  181  184  206  214  214  217  215  206  202  205  209  213  212  206  203  204  209  213  212  207  218  220  223  221  219  216  215  219  219  219  218  215  215  219  217  215  217  219  217  215  209  215  213  209  203  210  216  215  216  217  216  217  216  217  217  212  211  213  214  214  213  210  212  215  215  212  206  202  202  200  213  221  227  220  216  218  219  219  222  226  231  227  225  225  222  219  217  218  219  220  220  224  222  223  224  221  224  225  226  226  227  226  227  216  208  205  209  215  216  192  198  216  223  230  214   93   84   82   91   94   96   96   97   94   90   89   98  100   92   92   98  121  136  166  200  213  210  208  204  205  209  210  212  215  212  214  213  213  215  213  214  211  210  209  209  210  210  210  212  210  210  212  210  212  211 
 172  167  166  165  163  168  164  165  167  167  169  175  176  197  211  220  228  231  235  236  235  234  236  233  235  234  235  235  230  220  205  177  158  147  144  152  158  164  166  170  171  171  174  176  172  174  172  174  174  172  173  177  180  179  179  178  175  170  159  198  250  245  243  235  234  231  233  221  218  216  219  204  190  179  174  165  177  188  187  183  178  199  211  210  206  211  207  207  207  201  180  183  200  211  212  213  214  207  208  203  209  212  206  203  204  213  213  213  204  212  219  213  217  220  217  221  220  218  217  218  216  219  216  216  213  215  223  216  216  220  216  213  202  206  208  212  214  213  215  219  220  215  215  212  216  219  216  215  214  211  212  212  211  210  211  213  210  197  197  206  217  229  222  214  217  218  221  221  225  229  229  227  227  221  219  218  221  220  218  221  224  222  224  224  225  223  224  225  226  226  227  228  228  225  204  203  209  215  216  192  191  211  219  223  232  169   79   80   84   88   93   99   96   93   90   88   93  104   99   92   95  108  126  158  187  211  212  212  205  202  207  214  211  213  212  209  208  213  211  213  210  210  212  210  213  210  207  212  209  209  210  210  211  208  207  210 
 171  172  167  168  166  167  169  167  169  169  168  173  180  194  211  223  230  231  231  235  235  235  235  235  236  237  236  233  230  223  205  181  159  148  147  153  160  165  167  168  169  174  172  175  172  171  171  173  172  173  175  176  177  176  176  172  170  165  158  206  249  250  239  238  231  230  220  229  216  219  214  209  187  184  173  182  188  185  185  174  197  214  209  212  207  202  205  207  193  177  186  197  211  212  208  210  211  206  207  211  201  200  193  207  216  215  214  205  206  212  220  216  209  211  214  216  219  221  219  215  217  215  215  216  217  214  219  220  216  209  204  209  210  211  214  213  215  218  213  218  218  218  217  216  215  219  215  213  213  211  216  212  205  209  203  206  206  200  215  227  226  218  213  220  220  222  225  230  230  229  223  220  220  217  220  219  219  219  220  221  223  223  225  223  222  223  224  222  222  226  229  229  228  213  203  210  217  214  194  192  202  215  220  226  230  130   77   82   87   90   92   97   94   91   87   91   96  100   96   91   98  117  138  175  202  214  212  205  206  204  210  212  210  213  212  212  212  211  211  209  210  209  210  208  211  210  210  209  210  209  210  211  209  208  208  211 
 168  170  168  165  165  167  168  166  165  169  174  170  179  197  210  225  230  231  232  235  235  236  235  236  238  237  236  234  228  222  204  176  159  148  147  153  161  164  167  170  173  174  173  174  174  176  176  175  174  176  179  176  177  177  176  171  169  164  162  220  250  243  243  234  235  219  229  218  219  205  217  207  202  193  182  181  184  181  185  203  212  211  210  209  202  201  203  194  179  195  200  210  211  213  212  208  207  208  208  200  197  201  209  208  211  209  205  211  218  215  215  217  216  211  211  218  213  217  217  207  210  213  216  218  221  219  217  210  205  196  212  215  217  217  216  215  213  215  219  217  219  216  216  215  214  214  212  214  214  211  210  212  209  201  201  199  212  224  228  222  215  220  221  224  227  228  231  227  224  224  218  220  218  218  220  222  220  222  223  223  224  223  225  224  224  225  224  225  226  227  231  230  224  203  204  212  216  199  199  212  213  209  220  231  213   86   80   83   89   91   93   94   94   94   85   91   97   99   93   93  106  121  160  191  210  213  207  203  208  207  210  212  213  214  212  211  211  211  210  211  210  210  211  211  210  209  209  208  210  209  211  208  210  208  209  211 
 165  170  167  169  166  168  167  168  165  169  171  178  188  204  218  224  227  231  232  235  233  234  237  236  236  236  237  235  230  222  207  179  161  146  142  154  159  164  167  170  176  170  171  172  172  178  172  172  172  171  172  177  175  175  176  174  171  164  158  225  248  248  240  244  235  232  222  233  219  222  219  219  205  208  188  182  175  173  200  202  213  208  206  204  202  205  191  175  192  198  209  213  212  213  213  205  208  204  191  193  204  212  212  207  206  202  209  217  216  217  218  211  212  218  216  209  212  208  206  192  196  212  216  216  220  216  208  197  208  215  214  219  214  214  218  215  217  215  215  215  215  215  217  213  212  213  209  210  210  210  208  208  202  197  204  218  226  224  216  218  219  222  226  227  227  224  225  223  217  216  218  219  219  222  223  221  222  221  223  223  225  225  226  225  224  224  225  226  227  229  229  227  205  200  209  210  198  201  212  211  201  204  224  237  168   76   79   86   88   94   94   95   93   85   94   97  101  100   93   95  106  134  178  207  210  209  205  201  208  209  210  211  213  212  212  209  210  211  211  211  211  210  209  209  209  209  208  208  208  207  210  209  208  207  210  211 
 168  166  168  173  172  171  168  168  170  171  178  180  190  200  214  223  228  230  233  235  236  236  236  235  236  236  236  235  230  222  208  181  163  146  145  152  157  160  164  167  169  173  172  174  172  174  174  176  177  173  172  174  175  176  177  171  168  163  158  236  251  246  246  236  239  232  230  225  227  219  224  217  210  197  188  180  169  199  215  209  198  208  200  203  204  194  180  191  196  211  208  209  211  214  208  207  203  185  189  203  211  212  207  210  199  215  215  216  214  217  214  214  207  207  211  206  197  188  178  168  167  172  175  171  185  203  212  214  217  218  216  216  216  216  214  211  218  219  215  215  214  213  214  214  212  209  212  209  205  206  201  197  202  214  222  228  219  217  222  221  222  231  229  225  220  218  216  212  213  216  219  221  220  220  222  221  223  222  223  224  226  226  226  225  223  224  225  226  229  229  230  214  198  208  208  198  206  205  190  178  191  217  232  229  116   74   82   87   89   96   97   96   96   90   98  105  103   99   97   95  116  155  197  213  214  208  205  206  211  210  213  215  213  213  211  211  211  211  209  212  211  211  212  212  211  209  208  209  210  208  209  210  210  209  210  210 
 172  170  168  171  168  169  166  167  175  173  181  184  196  207  217  223  229  231  235  235  236  236  237  236  238  236  236  238  230  223  206  176  159  145  144  149  155  160  164  168  170  170  172  170  168  167  170  173  173  171  174  175  173  175  176  172  167  159  157  232  250  251  242  245  237  237  232  230  222  220  225  226  222  204  189  171  194  206  213  207  199  196  201  203  188  178  193  196  210  213  209  208  210  210  206  201  190  197  199  203  212  208  205  191  208  215  218  217  218  211  199  179  180  175  173  184  197  198  200  175  188  195  176  149  129  204  218  215  218  217  214  213  210  210  219  216  214  218  214  212  216  210  208  207  211  212  207  209  200  200  202  204  221  231  223  217  216  219  225  224  229  231  225  219  217  217  217  219  217  220  219  221  221  220  221  223  224  225  224  225  225  225  227  225  223  226  226  229  230  230  229  201  204  208  198  198  178  161  154  175  197  226  238  204   84   75   79   87   90   97   99   93   92   89   97  108   99   98   98  106  133  177  207  214  209  207  205  208  210  211  215  214  212  212  212  211  211  211  210  208  209  211  211  209  210  210  209  211  209  208  207  208  207  207  208  206 
 172  169  172  168  167  172  170  169  173  177  183  184  193  204  215  224  228  230  233  235  237  236  237  235  238  236  238  237  228  222  206  180  162  145  140  149  153  161  161  168  171  169  172  174  170  173  170  174  174  176  177  177  176  180  175  174  166  155  153  233  250  247  247  242  239  234  231  231  228  228  224  231  221  213  181  183  198  203  199  203  204  199  204  195  173  189  195  207  216  212  209  210  208  209  198  181  201  202  204  204  209  206  199  211  211  214  216  210  191  158  159  164  167  160  150  148  161  187  199  168  200  202  208  182  147  170  202  205  213  218  216  214  189  178  193  205  205  216  214  215  203  182  166  140  197  208  203  198  198  195  210  224  227  220  214  217  222  225  228  230  228  227  220  219  217  218  219  218  217  219  219  219  223  221  224  223  223  225  225  226  225  224  227  226  226  228  228  230  231  230  215  206  205  200  178  148  148  156  162  192  213  235  237  151   76   74   80   88   91   95   92   91   92   93  102  107   95   96   96  114  153  194  215  215  207  204  207  208  210  212  213  215  214  213  213  210  210  208  210  211  208  212  209  209  209  209  208  209  207  209  207  207  208  208  208  205 
 168  169  173  171  167  171  167  170  175  175  184  189  194  201  215  223  229  231  235  236  235  236  236  236  238  238  239  238  228  223  211  182  156  145  140  150  155  163  165  169  174  173  171  172  173  177  172  176  174  176  176  175  177  177  176  169  168  156  156  229  248  251  247  246  239  230  232  228  229  221  232  224  234  208  197  201  195  199  201  197  201  201  188  172  188  192  207  212  210  211  208  208  208  190  187  202  198  202  205  208  199  195  208  213  214  214  207  183  148  169  195  197  197  186  177  167  155  135  147  150  195  216  218  212  188  154  147  146  158  169  182  209  217  210  199  176  158  186  184  198  184  151  162  118  101  176  202  194  203  215  227  223  215  216  218  226  230  230  230  226  224  224  219  219  217  218  217  217  218  220  220  223  223  223  224  224  225  225  226  225  226  224  225  225  226  229  230  232  234  219  210  203  184  156  139  149  156  168  185  214  231  241  216  101   77   79   84   91   97   94   92   89   91   98  102  104   95   94  103  127  174  201  211  211  206  208  209  210  210  211  211  212  210  213  211  210  212  209  209  209  209  208  208  208  209  208  209  208  208  206  206  208  208  205  206  206 
 169  168  171  169  168  169  168  171  176  173  182  186  197  209  220  227  229  233  235  237  235  238  238  237  238  237  239  237  232  225  211  181  159  141  141  149  152  158  162  169  170  169  172  176  174  176  176  178  177  181  177  178  182  178  180  171  168  158  157  228  248  246  248  245  241  240  231  233  219  228  218  231  223  220  202  191  194  193  190  197  199  194  171  181  188  205  214  210  210  205  205  203  188  184  196  202  200  203  204  206  192  206  212  209  211  211  193  170  186  199  205  190  182  175  162  155  151  139  115  141  191  214  217  215  187  164  165  159  156  152  134  129  149  174  176  183  160  147  139  107  118  104  137  132   80  118  196  204  219  226  214  211  215  216  220  224  227  226  225  222  221  224  220  218  220  217  215  218  220  220  222  222  224  223  225  224  224  225  226  227  227  225  227  226  227  230  233  230  222  206  192  169  142  147  151  158  163  181  208  226  238  233  143   79   78   87   92   95   91   96   92   89   89   99  105   98   90   91  109  152  193  211  209  207  204  204  211  211  213  212  212  212  212  213  212  212  212  208  210  208  208  209  209  207  208  208  208  207  207  206  206  206  207  205  208  207 
 174  171  173  169  168  168  167  172  173  176  181  190  200  212  220  226  230  231  236  236  236  237  237  237  238  238  239  238  233  226  209  179  157  143  144  149  156  161  167  165  169  169  172  175  177  175  176  174  176  177  177  177  178  184  178  171  167  160  155  224  247  250  248  245  249  238  241  229  225  209  225  220  235  214  185  186  191  193  192  195  194  167  177  193  202  210  212  207  205  205  201  187  188  200  203  201  203  200  195  196  205  209  207  209  211  193  172  193  204  198  185  154  155  155  139  129  120  114  110  126  169  204  209  187  162  164  160  147  143  125  114  119  134  117  107  110  115  110  113   94   85   87   81   85   73   93  190  226  220  207  212  212  220  227  231  228  227  225  221  219  221  224  221  219  220  217  217  219  221  223  223  223  222  224  225  224  225  226  227  226  227  226  227  227  229  230  223  207  187  172  152  147  148  156  156  165  176  199  224  234  234  189   84   76   84   88   95   95   93   93   88   91   95   98  104   94   83   94  131  173  206  209  206  202  202  209  213  212  212  212  215  213  211  212  214  211  210  210  210  209  210  210  210  207  209  208  207  207  204  207  207  207  206  206  208  210 
 175  171  170  174  169  168  167  170  173  180  191  195  203  212  221  228  231  233  236  236  238  236  237  236  241  236  238  236  230  226  212  181  157  142  140  149  153  160  167  164  170  169  171  176  176  176  174  177  176  175  177  175  179  184  179  174  176  166  155  213  247  251  247  247  243  247  237  235  212  219  203  226  221  186  179  185  189  197  198  192  166  173  189  200  210  206  208  207  209  202  183  193  201  191  199  206  204  195  190  204  208  212  207  202  192  167  179  202  204  175  151  159  167  156  149  164  160  136  132  141  155  178  169  164  157  143  117  104   99  104  115  142  128   97  111  106   94   89   89   82   83   83   75   73   91  154  214  216  200  207  216  222  227  229  227  225  224  222  221  223  222  225  220  219  217  216  217  220  221  223  222  225  224  224  223  223  226  229  229  227  230  230  229  227  218  199  174  158  151  153  152  153  155  161  159  176  203  221  231  238  223  118   88   82   87   91   97   97   92   92   86   97  103  102   97   87   78   98  150  192  206  204  203  201  207  211  212  211  211  211  210  212  212  212  211  210  212  209  207  208  206  209  204  206  206  207  207  205  204  205  204  206  207  207  209  210 
 169  172  171  174  173  172  169  169  177  179  186  197  200  210  219  223  232  233  235  236  237  238  237  238  237  238  237  237  229  225  213  185  158  143  139  148  154  158  161  165  166  171  175  171  173  176  175  178  177  176  179  176  180  181  178  173  172  165  157  192  245  250  251  244  252  243  241  230  219  202  209  209  204  190  185  186  183  191  195  171  174  185  194  212  207  207  207  204  201  184  194  205  202  205  193  202  201  198  196  211  210  210  210  198  162  177  203  204  180  152  174  192  178  165  180  182  161  130  124  126  132  129  153  150  128  117  114  101  103  134  132  106  104  105  109  113   86   82   77   74   82   78   78  140  180  218  206  190  208  222  228  230  228  228  223  222  222  220  222  222  222  220  223  220  217  217  218  220  220  222  222  222  226  223  223  222  226  231  229  230  231  223  208  174  155  152  144  149  156  152  156  158  161  174  183  206  225  230  234  225  146   82   84   85   93   97  100   96   93   92   89   93  103  102   91   83   80  114  168  203  208  204  200  203  210  212  213  211  210  211  211  213  211  213  211  210  210  210  208  207  207  207  205  205  206  205  208  206  206  207  207  207  205  207  206  209 
 172  174  174  174  175  176  171  172  174  181  188  196  204  212  220  224  231  230  236  236  236  237  237  238  239  238  238  237  232  226  211  175  159  143  141  150  155  161  166  164  173  173  170  176  175  174  175  177  177  173  176  181  178  176  177  172  173  167  158  171  243  250  248  252  247  252  239  237  209  204  190  203  211  196  195  195  183  187  176  174  190  197  211  210  209  207  204  200  183  188  198  201  205  203  202  195  193  197  209  209  207  209  201  169  177  194  197  191  161  168  191  175  167  156  156  131  125  107  115  117  116  131  143  133  137  126  123  127  137  120  114  121  109   97  107  109   91   86   77   67   65   71  122  204  220  199  194  204  221  226  230  225  224  226  222  223  220  220  220  221  222  224  220  220  218  216  220  219  220  222  220  220  224  224  227  227  229  233  231  228  197  163  153  147  151  153  150  155  160  156  164  164  173  196  217  230  236  234  183  115   86   85   85   90   98   97   98   95   93   91   94   99  105  100   88   79   87  140  186  208  206  205  200  206  211  215  215  214  215  211  212  212  211  211  211  210  206  209  209  209  206  207  208  208  207  206  208  208  207  207  205  205  207  206  206  209 
 175  173  176  176  173  174  171  171  174  183  187  195  200  212  220  224  229  232  236  236  234  235  237  238  239  236  236  236  231  227  208  180  159  144  140  151  155  169  171  167  171  173  175  171  174  172  176  179  176  176  175  180  178  177  174  173  170  163  159  163  237  249  252  245  251  245  242  229  218  198  200  220  210  217  197  201  192  172  167  183  191  206  207  212  207  202  195  182  191  200  199  204  198  198  197  196  198  206  207  212  208  196  173  173  194  196  200  180  157  174  164  151  143  117  107  102  101  100  103  108  119  139  133  145  131  143  134  150  126  144  137   92  102   92  111  119   78   74   78   67   77  137  201  216  186  189  211  225  223  223  223  221  220  224  221  219  223  220  218  221  219  218  221  220  218  216  215  217  217  220  219  222  225  226  228  228  229  230  220  179  151  151  157  154  155  154  151  160  164  172  177  191  210  224  231  235  231  176   89   85   87   91   92   95   99   97   96   94   93   88   98  102  106   98   87   85  107  162  196  210  207  198  201  208  210  215  214  213  215  211  209  212  211  212  210  210  209  209  209  209  206  209  207  208  207  207  205  207  207  202  204  206  204  207  204  205 
 179  176  176  179  173  174  174  173  175  180  187  194  199  210  218  224  228  230  232  236  237  235  236  236  238  238  237  235  232  226  213  180  161  143  141  149  153  161  169  167  170  172  175  173  173  174  176  175  176  173  176  180  176  178  175  172  176  166  156  153  217  250  247  251  246  252  241  233  215  212  219  216  213  208  207  196  178  171  181  191  205  207  206  208  208  197  185  188  200  198  201  204  198  196  197  197  209  211  208  211  201  167  169  187  195  204  196  165  145  135  117  115  125  120  118  107  100  103  105  116  140  136  148  130  124  106  127  136  133  145  119  117  117   87  107  113   70   67   64  100  157  214  212  179  180  212  226  229  223  219  217  215  218  220  220  219  220  221  217  215  218  219  217  218  216  217  217  217  219  219  220  222  220  221  223  225  212  186  173  167  158  160  164  155  152  154  159  170  185  201  217  222  227  231  233  232  204  102   86   92   91   94   96  100  100  101   93   93   87   93  100  105  106   95   87   91  132  183  204  209  205  199  207  210  212  215  213  211  213  212  212  212  209  210  211  207  209  208  207  208  206  207  204  206  208  205  208  208  207  204  207  206  206  204  204  205 
 178  177  180  179  175  174  174  176  178  178  184  188  194  210  220  223  229  231  234  235  234  234  233  236  235  235  237  235  231  227  212  182  160  139  140  147  153  161  164  170  171  168  169  172  175  173  177  176  174  173  173  174  175  178  177  173  176  168  163  153  190  247  251  244  250  246  245  227  226  214  203  213  218  212  207  193  166  179  185  200  210  207  204  205  198  189  185  197  199  197  202  204  197  191  195  206  209  205  206  207  196  153  190  200  200  190  157  133  112  110  122  132  126  113  101   97   97   98  108  139  153  143  136  114   93   95  106  135  115  124  126  119   93   77  105   98   66   60   89  169  217  208  182  188  215  226  227  222  216  215  214  216  218  218  218  220  220  217  217  219  219  220  220  218  218  217  218  217  218  221  221  224  225  223  216  181  151  143  171  174  172  164  167  160  163  180  189  208  219  222  229  229  230  233  231  195  109   83   89   94   94   96  102  101  104   98   93   91   89   93  102  106   98   95   91  107  159  199  210  208  200  201  210  213  214  215  212  211  213  212  212  212  211  213  210  209  211  208  205  207  208  206  206  205  209  207  206  208  205  203  207  208  206  205  204  205 
 177  180  181  176  175  177  179  176  177  176  184  188  197  210  215  223  228  231  234  234  234  234  235  235  237  236  238  236  232  227  212  184  156  142  141  148  153  160  166  165  167  168  173  174  174  173  174  173  175  171  174  173  176  182  181  174  176  172  162  155  167  241  249  250  243  248  240  242  222  202  198  218  211  221  194  175  173  192  197  205  208  208  205  201  176  179  195  199  196  204  201  199  195  188  205  209  208  209  210  207  197  157  191  200  169  138  117  102  103  137  137  107   99   95   97   91  102   93  132  157  155  146  118   93   87   96  134  127  108  129  128   88   74   71  124  113   72  103  174  220  200  188  201  220  226  227  222  216  213  216  217  217  217  217  217  217  218  217  218  216  216  220  219  218  218  216  219  219  219  223  223  222  222  191  141  130  148  152  171  178  186  179  189  201  210  223  225  229  229  224  230  232  233  235  198  103   84   87   93   94   95  101   99   99  103  100   92   91   86   95  106  108  103   90   94  127  178  205  206  205  201  207  212  215  213  214  213  211  214  211  213  212  211  210  211  209  209  208  206  211  207  205  207  205  208  203  204  206  205  206  207  206  205  204  205  201 
 182  177  177  175  175  176  177  174  177  175  183  192  201  207  215  222  228  230  235  235  233  235  234  236  236  237  238  236  231  225  212  182  157  141  141  145  152  160  165  168  168  171  173  178  173  176  177  173  174  173  171  173  172  174  178  178  179  172  165  156  156  221  248  246  251  242  250  238  231  223  203  215  218  205  196  179  185  198  211  209  208  207  194  184  180  193  196  201  201  202  188  196  187  178  200  199  201  209  212  213  202  167  186  173  123  106  100  119  139  117   94   87   90  100   95   91   95   92  145  150  155  123   93   99   98  136  143  111  120  122   93   73   82   72  127  102  123  188  217  200  181  203  222  228  225  221  215  215  211  213  215  215  216  216  212  215  218  217  217  217  218  221  220  219  220  217  219  221  222  226  220  192  130  124  136  134  148  148  166  179  207  221  229  229  232  229  230  229  231  226  231  235  237  212  106   79   87   91   96   99  102  105   97  100  100   94   97   93   97  100  106   96   87   86  100  151  192  209  204  201  200  209  212  216  213  213  214  215  214  213  211  212  213  210  211  207  209  209  209  208  207  207  207  205  206  205  205  207  207  204  205  206  205  202  205  203 
 181  176  177  175  176  178  178  173  175  179  184  190  192  207  216  225  229  233  235  235  236  234  235  234  235  237  238  237  232  225  215  184  157  144  141  149  156  162  165  166  167  169  169  174  174  174  176  175  173  173  174  175  172  175  175  177  177  177  167  161  156  202  247  250  245  249  244  249  234  222  229  215  226  198  170  181  194  202  208  206  212  200  176  170  192  200  200  196  197  198  194  188  187  187  180  156  157  170  200  213  201  164  146  117  104  103  119  131  105   97   91   86  103  104   85   92   96  121  153  119  125   99   92  103  137  148  134  126  129   83   79  105   70   81  131  130  197  218  194  187  204  221  229  226  219  217  214  214  211  214  216  215  213  209  212  212  213  214  214  217  218  221  221  220  221  219  221  223  225  204  140  130   96  125  159  147  151  152  156  178  211  223  230  229  231  231  230  229  233  232  238  239  210  117   81   86   86   90   97   98  100  105  100   99  101   95   93   93   93  101  102   94   85   94  115  171  205  208  203  201  206  211  215  216  213  214  212  213  213  213  212  213  212  210  211  208  208  208  208  210  208  207  208  205  207  206  203  206  204  205  203  201  206  205  205  204 
 178  180  180  177  177  179  173  173  179  179  179  188  193  208  218  225  230  231  233  235  233  236  237  236  238  238  237  236  232  226  214  185  160  142  141  145  156  162  162  164  168  170  170  174  174  170  175  171  171  172  171  174  171  176  182  179  182  175  171  167  157  180  238  245  252  246  249  242  226  231  229  223  216  196  172  193  201  206  208  207  205  191  175  186  195  201  200  191  183  192  193  190  206  213  214  205  184  156  144  166  183  153  113  102  108  122  121  109  102   98  101  106  117   87   81   91  111  134  136   98  105   99   99  127  136  121  144  137  101   77  110  109   57   98  169  202  206  187  188  209  223  223  227  223  214  214  209  215  215  212  217  214  213  211  212  211  210  211  214  214  219  220  218  220  220  220  221  217  182  102  101  144  136  121  173  162  151  161  152  177  204  217  225  232  231  233  233  233  239  237  240  217  117   82   86   89   94   94   97  101   99  101   98   99   99   95   90   95   96  102   99   93   94  100  144  184  204  204  202  203  209  213  216  215  216  214  212  214  215  213  212  213  213  211  211  211  210  206  209  210  208  205  204  205  207  207  206  207  204  205  204  201  204  205  204  201 
 180  176  179  177  176  178  174  174  180  178  176  181  189  205  215  226  229  234  234  235  234  236  237  235  237  237  238  236  231  226  214  190  158  141  137  146  152  159  162  163  165  169  172  172  172  170  174  174  173  173  171  175  172  175  179  184  188  182  177  173  161  158  206  246  249  249  245  234  225  235  228  227  191  168  181  207  200  195  204  202  188  173  187  197  196  201  192  185  188  197  190  202  209  213  212  199  166  144  152  137  119  123  115  109  121  132  112  108  101   94  109  138   94   81   82   98  126  119  120   93   98   98  104  136  116  128  135  110   80  111  139   81   68  143  197  202  174  185  207  224  231  227  224  220  216  211  211  212  214  210  213  212  209  209  210  210  209  208  214  215  216  220  218  223  224  219  214  180  127  107  102  143  157  128  146  173  154  163  158  165  190  208  224  231  234  236  236  237  241  234  187  111   85   83   88   93   97   97  102  100  100  103  102   99   97   95   92   95   97  100   98   90   95  111  159  188  201  201  197  204  214  215  215  215  212  214  214  214  214  213  212  213  211  211  210  208  211  208  207  209  207  206  205  210  206  207  208  204  206  206  204  203  204  203  204  202 
 187  182  178  179  178  178  174  173  176  174  172  179  188  204  213  222  229  233  235  237  235  236  237  236  238  237  238  236  232  227  217  190  158  139  138  145  155  159  163  163  164  171  171  174  174  174  174  172  176  181  174  176  176  177  182  183  183  186  178  178  169  161  174  236  250  250  246  236  224  231  236  228  205  174  198  207  204  203  197  194  179  181  200  202  196  192  193  189  194  193  203  211  205  200  192  172  148  116  109  117  123  112  108  127  123  110  100   97   84   92  139  126   82   82   85  108  139  113   99   88   99  115  115  117   97  109  130   89   82  142  128   71  106  181  170  171  191  212  226  229  227  223  221  218  215  213  212  214  211  209  213  209  211  209  208  212  212  208  215  217  216  218  221  220  221  218  212  177  142  139  136  125  142  150  138  154  169  156  163  152  187  203  222  229  235  235  238  241  230  158   91   86   86   83   89   96   98   98  104  104  103  104  105   99   95   93   92   95  101  101   97   91  104  129  169  192  193  193  190  207  214  214  216  217  213  214  214  212  212  212  211  212  213  211  211  212  212  211  207  209  207  209  208  205  205  207  206  206  205  205  204  206  204  203  204  206 
 178  180  180  177  178  181  177  173  173  175  177  177  184  201  212  220  228  232  235  235  233  237  238  236  237  236  238  236  231  226  213  189  157  141  141  147  151  159  164  166  164  169  172  174  173  176  174  175  175  175  173  178  174  176  182  182  183  181  181  180  174  168  160  195  246  248  249  242  231  230  235  231  195  188  205  203  199  203  194  179  178  195  203  205  199  195  191  189  187  191  206  205  182  172  173  175  168  157  145  136  112  107  125  129  100   89   84   83   92  122  152  116   82   83   88  111  137  114   93   96  105  100  103   96   89  116  126   78   88  142  108  135  150  151  160  167  213  228  228  225  222  220  217  214  213  211  208  209  213  212  212  208  206  205  211  214  210  208  212  215  213  215  215  218  228  233  232  215  171  140  142  149  132  140  138  137  170  161  160  155  176  202  221  232  236  240  241  225  137   88   86   90   88   91   94   98  105  101   98  105  102  106  102   92   89   90   94   93  102  100   94  106  116  146  179  188  185  184  193  208  215  214  217  217  213  213  212  212  213  211  213  213  213  211  213  213  211  211  210  210  209  209  208  207  209  208  208  207  206  204  203  202  205  203  200  203 
 179  180  179  179  177  177  174  175  177  173  175  176  183  199  212  222  226  231  234  235  235  236  238  238  238  236  237  237  233  225  214  191  156  139  135  144  152  156  160  163  165  171  168  170  173  171  174  175  176  177  174  175  177  182  184  183  184  185  185  183  177  170  163  159  222  250  247  242  246  239  239  217  179  216  203  197  199  198  190  183  192  195  200  191  191  187  188  182  181  176  187  198  199  198  195  160  149  154  143  126  116  129  138  124   98   85   81   83   95  130  152  100   81   89   97  110  118  113   98   98  113   97   97   97   84  121  122   83  117  140  155  185  156  132  173  186  226  228  224  222  222  219  217  214  212  210  209  212  212  213  212  207  206  208  209  212  211  209  213  212  213  219  226  231  233  232  230  224  201  165  136  130  158  150  147  150  160  172  165  163  175  198  220  237  241  240  200  128   90   88   88   88   93   97  100  105  104  102   99  103  101  103  102   94   93   95   94   98  101  100   96  104  128  159  185  187  174  175  196  210  214  215  214  214  210  212  212  213  212  212  214  216  214  213  212  211  210  208  208  208  207  208  208  207  208  208  208  209  203  205  202  203  205  203  202  206 
 181  180  180  177  175  177  176  173  174  175  172  174  181  195  209  219  228  232  235  235  234  237  236  237  238  239  240  238  231  226  214  190  160  141  136  146  152  155  159  163  167  168  168  167  172  171  172  176  173  174  179  174  172  177  181  182  188  191  190  185  178  178  168  159  188  242  247  243  242  242  240  204  198  216  197  193  192  190  181  189  199  201  200  185  187  185  177  179  177  178  165  159  166  169  160  126  114  136  123  136  134  141  137  112   97   92   90   83   98  136  142   92   86  100  126   94   96   99  103  108  127  132  128  127  112  134  118  107  130  134  161  168  151  158  202  203  221  226  220  220  218  213  215  212  211  209  210  208  211  209  209  209  210  212  209  213  212  208  212  218  229  233  234  235  235  233  230  225  215  188  155  141  135  161  147  134  128  171  169  171  173  198  222  234  223  167  104   93   90   89   89   93   91  102  105  102  106  104  101  102  102  106   98   92   90   98   96  102  101   94   98  110  141  173  184  180  173  180  202  212  214  216  214  212  212  213  212  211  211  212  213  213  212  213  210  212  209  208  208  209  207  209  210  209  208  207  207  206  202  202  203  203  204  203  204  204 
 182  180  180  180  175  179  182  177  176  171  170  171  176  191  207  220  226  231  233  234  234  238  237  235  239  239  240  239  231  226  215  186  159  140  139  145  150  157  161  163  166  170  169  170  171  171  173  175  172  172  175  175  174  182  184  186  191  186  186  187  181  183  173  164  164  232  245  247  244  243  242  214  218  203  196  189  189  176  176  188  198  195  194  181  180  175  193  205  206  203  201  194  167  145  111  111  124  114  131  131  130  140  124  109  100  100   88   86  106  123  127  105  101  109  111   91   94   97   94   96   97  105  102   94   98  124  105  110  121  124  134  163  154  196  198  210  219  220  215  214  216  212  211  208  210  210  208  209  208  210  210  211  209  209  209  207  209  217  228  232  233  234  236  234  238  239  237  234  227  211  178  146  120  109  155  131  125  128  174  170  175  190  214  208  182  127   91   90   88   89   89   92   96  101  103  104  106  103  105  105  106  103   93   90   91   95   98  103   98   93  102  121  154  181  183  175  174  186  206  214  214  212  213  212  211  213  212  211  212  212  213  214  211  211  211  211  210  209  210  209  208  211  207  206  206  207  208  209  207  204  206  204  206  204  201  201 
 181  182  180  178  179  179  176  175  175  172  167  167  173  186  206  218  224  229  232  234  235  236  234  235  239  237  239  238  233  225  216  194  162  140  135  144  149  150  160  161  167  173  174  173  171  172  172  173  172  172  174  175  178  177  185  187  188  190  189  188  185  182  177  164  163  225  250  249  246  246  245  230  207  193  198  193  180  171  182  191  199  193  185  183  184  198  209  209  196  173  170  204  189  158  119  111  111  100  105  110  122  133  126  112  102   89   87   96  111  108  120  130  127  104   90   93   94   93   94   95   95   92   90   84   82  107  114  136  121  109  122  148  153  176  189  211  217  213  212  213  212  210  205  205  205  209  208  206  210  212  211  210  206  207  204  207  225  234  236  234  234  235  237  235  236  237  239  238  232  221  190  162  129  107  113  144  139  116  160  172  180  187  201  194  180  137   89   87   88   86   89   93  102  103  103  106  108  106  103  105  100   97   94   89   89   96  108  102   95   96  111  136  170  187  182  173  176  193  204  214  215  211  212  213  213  213  208  208  212  210  212  211  210  212  211  212  211  209  210  210  210  212  209  208  209  208  207  208  207  208  206  205  207  203  202  205 
 181  177  179  180  176  179  174  176  176  173  170  166  168  184  206  217  225  229  232  235  235  236  237  234  238  237  238  239  232  226  216  194  157  139  138  147  147  155  163  162  168  173  175  173  172  173  173  169  175  175  170  175  182  177  182  180  187  193  188  188  184  187  180  163  166  223  249  252  248  247  244  228  198  196  196  198  184  179  195  191  188  181  183  201  208  215  210  203  197  170  161  178  162  149  129  115  103   98   91   94  110  123  119  113  121  112  100   93  119   93  115  143  139  106   87   91   94   90   92   93   94   89   84   83   83  120  155  159  136  120  142  162  183  203  215  216  214  214  214  214  210  207  210  205  207  208  209  210  211  209  206  209  205  202  211  230  236  235  237  235  235  236  236  237  236  237  239  238  235  224  200  176  140  108   84  116  141  123  136  169  178  189  203  202  177  118   95   84   88   87   92   98  103  107  104  104  107  108  109  108  102   96   94   89   91   92  101   98   90   99  117  152  180  186  177  178  184  199  207  211  213  214  214  214  213  212  212  211  211  211  212  213  212  213  211  209  210  211  209  210  209  212  208  208  208  207  207  209  209  208  207  205  205  206  203  203 
 178  178  176  179  175  176  177  174  177  174  168  165  166  184  203  218  225  227  232  235  235  236  236  237  239  238  239  237  232  227  215  191  161  141  137  146  150  157  161  162  166  171  172  172  173  173  173  172  173  178  172  175  174  180  183  185  191  194  190  189  187  187  178  172  168  224  250  253  250  250  241  202  185  192  196  184  186  195  198  182  172  183  200  211  211  209  209  196  183  159  145  148  124  116  134  113   94   87   84   87   96  122  117  112  122  129   97   87  117   93  100  138  153  123   86   91   92   94   90   86   88   83   77   80  108  147  174  141  151  152  171  183  213  219  218  216  216  217  217  214  209  206  204  205  205  210  210  210  209  202  202  204  208  225  233  235  235  235  236  235  235  235  235  235  240  238  238  239  235  228  210  180  146  113   94   90  138  128  126  167  175  186  205  201  172  107   91   87   91   90   93   99  100  106  102  107  106  104  108  105  100   94   95   91   91   97  103   95   89   98  130  168  188  187  179  174  183  200  209  210  211  213  214  213  212  212  211  212  211  210  213  211  211  212  213  212  211  211  211  211  208  208  208  209  209  209  209  209  209  208  209  207  204  204  205  203 
 175  177  177  176  176  180  175  172  172  171  167  163  167  182  203  215  226  231  231  234  234  234  235  237  239  238  240  237  232  228  217  190  164  144  141  144  153  158  163  166  170  174  173  174  176  173  174  175  175  177  179  178  179  182  183  183  191  195  192  190  189  188  181  175  170  223  250  252  253  247  225  182  185  194  190  185  190  197  187  177  179  197  210  208  206  208  193  194  186  130   99  109   92  109  121   99   87   90   87   88   89  120  126  107  118  130   93   86  117   99   85  117  146  153  107   94   91   88   89   85   80   77   75  104  168  165  153  155  187  181  170  189  216  217  219  216  217  217  215  212  207  202  205  203  203  207  210  210  203  199  206  221  231  232  233  235  236  237  239  239  236  236  237  239  240  239  241  239  236  231  210  183  157  115   93   88  110  133  121  155  181  187  201  199  142  101   93   92   93   93   94  101  106  107  107  108  106  112  109  107   99   94   92   94   96  101   99   89   91  107  147  181  195  183  175  184  197  204  204  208  210  212  213  213  212  214  213  211  210  208  210  210  212  210  212  212  213  211  210  210  208  211  210  209  208  208  208  209  207  209  208  205  210  207  205  202 
 174  177  175  175  173  174  173  173  174  173  167  163  169  184  203  216  225  230  232  234  236  236  236  236  238  236  238  237  231  226  216  189  161  143  141  148  151  155  164  164  171  172  173  175  175  177  176  173  176  173  176  176  177  181  185  184  189  193  190  192  194  189  186  179  172  209  250  254  250  248  201  179  184  186  188  187  187  190  182  186  203  204  200  194  202  202  188  190  181  128   86   89  104  125  108   93   89   91   88   91   88   99  126  119  110  122  113   87  113  103   80   92  120  162  139  133  129   99   77   78   72   72   93  172  207  160  156  195  217  191  154  185  218  214  217  217  220  221  215  209  207  202  206  204  208  209  212  210  209  219  230  232  233  234  233  236  236  236  239  237  238  239  239  241  241  240  240  240  238  234  217  187  158  122   84   90   94  132  119  143  188  194  207  192  121   97   90   88   92   94   96  100  106  107  104  106  109  108  109  107   93   94   93   93   98  100   95   91   97  124  163  187  192  183  182  193  200  202  200  200  205  206  210  213  212  213  212  211  211  210  210  211  209  213  212  212  214  213  211  212  208  210  210  207  208  209  209  206  207  207  205  205  207  205  208  204 
 173  174  177  176  174  172  173  175  174  171  170  168  168  185  204  215  223  226  231  235  236  235  236  237  237  238  239  236  232  226  217  188  160  141  142  151  151  157  162  166  169  174  171  177  178  178  180  176  174  175  176  178  181  182  183  185  185  192  194  198  194  190  191  183  177  191  245  254  252  232  188  184  185  178  181  187  181  185  185  201  204  204  202  169  182  183  181  174  163  130   91   94  127  132   93   87   87   97   95   94   89   89  102  124  111  110  110  100  115  108   94   94  107  158  111   98   99   89   79   70   71   87  167  211  190  178  197  219  217  206  156  170  208  213  216  221  218  220  210  208  204  201  200  202  207  213  210  213  223  229  232  230  233  235  235  235  236  237  239  237  238  239  240  242  244  241  243  243  240  237  225  197  172  138   94   84   90  117  128  129  187  194  208  188  119   94   95   89   98   95   98  101  102  105  103  106  104  111  111  101   91   92   93   92  100  100   92   90  106  140  178  194  190  183  186  199  205  203  202  202  204  199  205  207  208  210  211  208  210  210  213  213  211  210  210  211  212  213  211  211  208  209  209  205  209  208  207  209  208  210  207  206  208  208  206  204 
 173  173  176  176  174  178  176  173  171  168  169  167  163  180  201  217  225  227  233  234  235  236  237  235  238  235  239  238  230  226  218  194  161  141  138  146  152  158  161  164  168  173  171  174  173  179  177  177  176  175  175  177  182  181  181  185  196  193  193  196  191  198  196  185  178  182  235  254  252  222  187  188  193  191  185  188  177  179  207  204  198  198  183  146  130  139  137  125  129  130  107   95  134  122   88   85   88  107   95  105   92   92   92  107  115  104  102  109  122  105  102   92   99  152  114   85   82   77   74   68   79  154  213  191  186  206  222  219  217  213  169  165  184  196  212  218  211  213  210  208  208  204  205  207  212  210  214  226  228  229  232  232  233  236  236  237  236  236  238  238  237  240  240  243  244  242  244  244  242  239  230  207  180  151  104   80   88  104  121  116  169  198  216  190  117   98  103   95  103  110  105  101  101  104  103  107  111  107  108   98   93   93   95   99  103   99   87   91  113  157  188  197  187  180  194  204  208  206  201  199  204  197  200  200  203  205  207  205  209  208  208  211  210  211  211  211  210  210  211  210  207  208  212  209  209  208  209  208  208  209  208  209  208  206  206  205 
 181  176  176  177  176  176  176  174  172  170  170  167  165  181  203  219  225  228  230  233  236  235  236  236  237  236  239  239  232  226  215  192  164  144  140  146  151  162  161  161  170  171  175  177  176  176  178  176  179  176  173  176  175  180  181  199  221  196  191  195  197  197  192  189  183  178  212  251  250  217  195  189  195  195  184  175  179  202  205  200  205  183  152  151  128  128  137  103  117  121   90   96  142  108   86   84   93  113   97  103   89   95  101   92   98  105   96   99  129  131  130   97   93  129  131   81   78   75   72   77  144  210  194  179  208  221  220  215  215  211  173  179  204  191  209  215  215  214  207  208  210  206  210  208  210  217  225  228  229  229  231  233  234  238  237  237  238  238  239  237  238  240  241  242  242  243  244  246  244  241  233  217  190  158  114   86   83   92  105  124  137  192  209  195  134   96  100   90   96  101  103  102  105  106  107  108  111  109  105   97   90   92   97   99  104   98   85   87  121  168  196  196  186  188  199  211  210  206  204  202  201  201  202  199  200  200  199  202  202  203  205  209  208  211  210  207  210  209  207  209  207  207  208  207  209  207  207  209  209  206  207  209  210  206  205  205 
 178  180  177  175  174  175  173  171  170  167  169  165  168  181  204  217  226  228  231  234  234  236  237  237  237  236  236  237  230  223  215  183  163  143  137  149  153  162  167  167  172  174  177  176  175  180  181  175  177  175  176  175  176  182  197  213  193  195  195  192  195  198  194  195  188  182  190  241  249  216  195  195  194  197  189  184  198  199  202  203  213  209  189  178  163  145  106   94   98   87   85  100  138   99   84   90  116  105   97  100   89   96  103   89   94  107   97   97  115  146  151  118   97  108  145   85   69   67   74  136  207  206  189  206  220  221  221  215  214  211  175  185  213  208  214  218  216  211  208  207  208  206  207  213  222  226  230  230  230  230  233  234  234  236  237  237  238  237  239  239  238  240  242  242  243  244  245  245  243  243  236  222  197  158  127   89   77   86   97  128  121  195  208  195  144   98   95   94   93  102  103  103  105  106  103  109  113  109  104   98   89   92   95  101  105   91   86   96  140  184  197  191  187  195  207  210  207  206  205  203  203  201  201  200  199  200  200  200  201  199  200  203  203  203  207  208  209  210  209  208  208  208  208  206  209  204  206  208  207  207  207  207  207  205  208  205 
 181  178  177  174  173  175  176  173  169  167  166  164  168  185  204  216  224  227  231  234  234  236  236  235  238  236  237  237  230  226  214  187  161  140  141  152  152  159  166  168  177  177  175  178  177  177  177  177  177  177  177  178  180  184  195  193  193  190  196  200  197  197  193  196  195  187  181  220  249  230  198  195  190  184  195  209  202  197  198  205  202  196  174  167  128  107   96  106  101   79   86   90  133   98   90   97   99   92  105   94   93  101   97   90  104   99   85  106  129  130  119  132  125  130  162  114   68   69  123  199  204  187  197  222  225  224  222  216  216  213  177  178  207  211  218  222  218  209  209  209  204  206  216  223  225  228  230  229  230  232  233  235  237  237  236  237  238  238  239  240  240  240  241  242  243  244  245  245  245  244  237  225  196  167  136   95   74   83   89  122  117  194  208  193  153  107   96   93   98  107  101  103  108  108  110  113  113  107  102   93   93   93   98  100   98   86   88  116  158  192  198  188  191  199  209  213  212  210  208  206  204  204  198  200  198  199  196  194  197  198  198  198  195  195  198  200  202  207  206  208  205  206  206  206  206  205  205  207  207  205  206  206  203  207  209  209 
 180  177  177  178  174  173  175  175  168  165  166  166  167  180  198  214  223  226  233  233  234  235  235  234  236  235  237  237  229  225  214  187  162  142  144  149  154  159  163  166  170  172  171  174  175  177  181  176  176  179  177  178  180  184  193  193  194  189  194  199  198  201  198  201  197  196  193  200  240  236  206  198  193  190  206  204  200  207  204  201  197  170  161  132  100   97  113  128   84   80   81   87  119  122  113  105   89  101  103   92   96  101   97   96  114  100   85   93  135  111  117  110   85   94  153  109   66  109  192  205  187  192  214  223  223  222  222  219  215  213  176  173  205  211  220  221  210  207  206  206  208  219  225  224  227  230  229  231  231  233  235  234  236  238  236  236  238  238  239  239  239  242  242  241  244  243  245  246  245  243  239  228  206  179  149  106   79   81   85  102  124  176  208  198  161  112   90   91   99  107  104  101  101  106  105  112  113  105  101   94   94   98  100  101   97   88   95  140  179  200  193  185  191  203  209  212  210  209  209  207  207  205  200  198  200  202  199  199  200  197  195  193  194  192  194  191  194  199  198  202  201  202  204  205  205  205  201  203  205  205  204  204  208  209  209  207 
 175  177  177  175  171  174  175  173  170  167  166  168  166  179  198  219  224  228  232  235  234  234  235  234  236  237  238  236  230  224  213  188  164  142  142  148  155  160  164  166  171  172  175  178  176  179  182  179  176  177  178  180  180  183  186  203  195  195  196  202  200  203  199  197  198  196  197  199  223  236  207  196  188  208  211  212  202  204  204  192  182  152  109   97   96   97  130  119   85   84   90   87   98  133  107   86   93  121  101   95   97   98   89  107  108  107   90   95  108   89  121   95   75   77  118  138   97  179  210  189  194  211  219  221  222  219  222  218  215  207  174  163  205  215  220  214  206  204  202  215  223  225  227  224  228  231  230  233  232  231  234  234  236  236  238  238  238  237  240  239  240  242  241  241  243  242  244  246  245  246  240  229  215  183  159  118   88   82   84   96  133  150  210  211  157  109   92   96   98  103  103  104  106  103  103  107  109  102   99   93   92   95  102  100   88   87  104  153  191  199  196  186  193  205  213  212  208  210  208  210  207  203  204  206  203  204  203  203  203  202  201  198  196  188  192  190  190  191  190  192  194  199  201  203  205  205  203  203  202  204  205  207  207  208  209  208 
 178  174  176  173  170  173  171  171  172  168  164  168  163  183  202  217  223  230  232  235  234  236  235  235  238  237  237  237  229  225  215  186  162  142  140  149  155  160  166  165  169  173  177  176  178  176  177  180  179  178  178  181  183  185  189  191  191  191  198  199  198  197  195  195  194  197  201  208  199  211  195  196  202  214  211  210  194  181  177  168  146  111   95  113   87   82  119  103   85  105   89   94   85   98  121   95  122  121   92   90   98   92   87  117   98  119   93   89   86  102  129   95   71   70   88  141  168  213  190  189  206  221  221  218  219  219  220  216  216  212  192  165  202  218  215  207  203  205  216  223  224  226  226  226  230  231  230  231  234  232  235  234  236  237  236  238  240  235  238  239  238  239  240  241  243  242  245  246  246  246  240  234  219  190  166  131   90   84   83   90  130  142  205  213  155  109  112   93   98  104  104  107  107  109  108  107  104   97   96   96   98  100  102   96   86   97  130  168  193  196  195  188  200  207  212  210  210  209  208  207  208  205  208  211  208  207  207  206  204  205  203  201  197  190  190  190  188  196  190  192  189  192  193  192  199  202  202  202  201  201  205  207  207  207  207  209 
 178  178  176  176  174  172  172  174  173  169  167  165  164  179  201  215  222  226  232  234  234  235  235  235  238  237  238  237  231  227  216  186  164  146  143  150  150  158  165  163  170  171  177  171  176  178  179  181  180  179  178  182  182  185  188  190  199  201  194  194  188  191  185  183  182  191  212  194  157  177  193  191  212  209  208  189  171  173  173  155  134   89  108  111   77   76  128  109   96  106   83   97   88   86  105  130  133  104   90   87  101   90   92  127   83  102  113   99   97   91  141  104   71   70   77  134  183  184  183  201  220  218  219  215  211  213  219  216  214  216  206  186  208  212  210  207  209  221  224  226  226  224  225  227  230  232  232  232  233  233  234  235  235  236  238  238  239  236  238  237  238  240  238  239  242  242  244  245  246  243  240  238  222  194  172  141   93   80   82   90  124  136  201  215  167  119  103   95   97  105  101  104  104  109  112  110  104   93   93   97   97  101  100   92   88  100  145  178  191  191  189  197  206  212  213  211  210  210  209  206  206  206  206  210  210  210  210  209  207  205  206  205  200  193  193  192  190  193  193  190  188  189  192  191  192  191  192  194  198  202  203  201  202  208  204  206 
 176  176  175  178  171  174  173  171  172  169  168  164  164  178  200  218  220  225  230  232  232  235  235  236  237  235  237  237  231  223  217  192  165  146  142  149  155  159  164  167  173  170  174  174  176  177  179  181  179  179  180  183  180  184  189  191  198  201  203  204  203  204  202  204  203  208  202  158  182  205  209  195  202  194  176  179  178  189  198  168  118   93  133  100   73   78  129  121   99   85   92   92  110  111  136  125  114   98   85   88  103   85   96  123   84   95  133  102   90  111  106   81   82   71  116  182  160  157  200  218  218  217  216  214  210  211  220  216  212  214  210  205  210  207  207  212  220  225  226  227  227  226  228  229  230  233  232  233  233  234  235  235  236  238  237  236  238  235  237  238  237  239  238  240  241  243  244  245  246  246  243  240  225  200  171  142   96   83   83   88  115  128  191  217  175  126  107  100  105  112  103  109  105  108  109  107  101   92   94   97   97  101   97   89   90  114  158  189  194  186  184  197  209  212  211  213  208  209  208  207  208  208  209  211  211  211  211  209  208  207  206  205  202  198  193  192  196  193  192  191  188  188  188  190  188  193  189  191  193  196  199  199  205  207  206  204 
 173  177  175  173  168  175  174  175  172  171  168  164  161  178  201  216  222  227  231  232  235  236  235  236  236  237  239  236  230  225  218  193  161  145  140  149  152  160  162  167  172  173  174  173  176  175  178  176  175  180  176  182  178  185  195  193  195  195  198  202  204  201  199  202  205  210  226  192  204  223  236  208  187  170  181  198  189  200  187  122   91  107  133   89   75   83  127  131   86   81   91   89  114  133  129  116  103   89   86   89   99   90  103  111   82   92  133   95   89  124   87   93   82   97  181  196  164  191  220  220  221  220  215  212  211  214  219  215  214  215  209  211  209  196  191  205  212  218  222  224  226  226  230  230  231  233  234  234  235  234  235  235  235  237  236  238  238  235  238  239  238  238  240  241  242  241  244  245  244  245  243  240  226  198  158  125   99   84   82   86  106  118  182  217  185  132  123  100  110  108  101  102  107  111  110  106   98   93   97   97  100  102   93   84  100  134  170  193  192  185  186  200  210  209  211  210  210  209  209  207  207  205  207  209  209  211  211  210  210  209  207  206  204  203  199  195  194  192  191  189  190  189  191  190  193  190  193  189  186  188  192  193  197  201  202  203 
 177  174  175  175  171  171  174  174  177  171  168  168  164  175  201  214  222  227  229  231  233  235  235  236  238  237  235  235  231  225  218  191  163  146  138  150  155  159  160  163  170  175  176  176  175  172  175  178  175  173  179  181  184  186  192  194  199  199  200  200  202  202  200  213  227  213  192   98  109  116  143  187  178  179  198  197  186  194  157  100  109  117  123   76   78   98  140  117   80   88   96  107  111  100   96  101   89   86   88   92   93   96  102   95   83  104  130   93  103  119  100   81   80  162  205  168  183  221  224  221  220  219  212  208  210  213  218  217  220  219  214  204  165  148  161  181  185  197  204  208  215  221  225  229  232  235  234  235  234  233  235  235  236  237  236  238  237  234  237  237  236  238  239  240  240  241  244  244  243  242  240  234  218  185  133  112   97   87   83   84  107  119  164  218  193  137  112  106  109  102  104  105  107  114  114  104   99   93   97   95  101  102   89   87  107  149  185  192  190  182  192  204  212  211  210  210  209  208  208  208  207  206  207  208  208  209  208  208  209  208  206  205  204  203  202  200  198  196  195  190  191  191  195  193  192  191  189  188  185  185  191  185  191  192  192  194 
 175  178  174  174  173  172  177  176  175  172  172  165  165  177  201  216  221  229  232  234  237  238  236  237  239  238  237  236  229  225  216  191  163  141  139  148  152  159  160  163  171  172  176  177  173  177  175  176  176  174  180  181  182  184  192  194  198  200  198  201  200  202  206  245  222  166  124   81   80   83  113  188  207  215  204  181  171  157  107  101  126  123  103   79   80  116  150  109   81   95   89   95   97   95   96  102   88   87   98   90   92  104  116  107   98  112  121  100  108   88   76   71  133  205  174  175  212  223  222  221  223  222  210  206  206  215  220  220  221  218  202  171  168  171  176  175  168  170  155  165  178  195  209  218  226  232  234  235  234  234  235  233  234  236  236  238  237  233  234  236  235  238  237  240  242  240  244  243  240  237  227  213  189  157  119  105   97   87   82   85  105  123  146  220  198  158  100  104  117  105  105  105  109  114  108  101   95   93   98   99   98  101   88   90  120  160  190  193  185  184  197  208  212  213  209  211  207  208  209  209  207  206  206  206  204  208  209  207  209  209  209  205  202  202  205  203  201  199  199  199  194  196  194  195  192  191  184  187  189  190  188  187  186  183  181  187 
 175  174  173  173  174  174  176  176  174  173  169  161  161  178  200  216  222  228  232  235  235  238  237  236  239  237  239  237  231  226  217  190  161  144  139  146  151  158  165  167  171  172  176  176  171  176  176  178  177  181  180  180  180  183  187  192  195  199  202  199  201  200  209  240  209  146  116  100   84  103  159  190  236  225  193  149  135  131  103  105  123  135   81   80   97  128  144  113   77   87   81  102  109   98   92  108   99   86  100   88   85   87  113  134   99  115  100  105  102   79   74  109  194  190  164  204  222  220  222  221  224  219  207  206  210  217  216  218  217  204  199  206  216  216  214  203  193  180  156  134  129  134  153  176  204  221  230  234  232  232  233  231  234  235  236  237  238  234  236  236  235  238  237  241  241  240  240  234  223  204  184  174  163  142  125  119  100   90   84   84   99  113  131  218  204  171  103   96  106  117  110  106  110  108  101   96   96   93   95  101  103  101   92   93  132  171  196  190  183  182  203  211  217  213  211  211  208  208  208  207  210  208  205  206  205  206  203  204  206  208  205  204  201  201  202  201  202  200  200  201  198  199  197  195  193  196  189  188  188  189  184  184  187  180  178  181 
 182  174  177  176  177  173  174  172  177  174  169  166  164  176  201  215  223  226  232  236  235  238  237  237  236  238  237  237  232  225  219  193  160  142  143  149  153  158  164  171  170  172  178  177  177  176  174  174  174  178  180  178  180  188  189  189  193  191  201  200  201  209  216  217  222  178  117   96   78   82  152  197  197  163  164  127  139  127  102  122  124  102   86   91  121  128  120  124   77   81   88  114  108   91  103  109  116   89   96   83   84   80   86  116  124  126   85  121   91   74   83  170  210  176  196  224  219  220  224  223  222  210  203  208  211  215  219  214  200  202  212  218  223  220  219  225  224  216  199  181  157  147  134  130  142  171  209  227  230  231  233  232  233  234  236  237  238  237  236  236  237  237  237  240  237  228  208  182  164  147  138  152  166  168  169  161  116  102   86   85   93  112  126  215  205  179  111  100   97  116  115  115  114  110  100   88   96   94   95  100  104  100   94  101  146  180  195  184  183  193  206  213  215  213  212  211  208  208  207  207  208  206  206  207  204  206  203  204  205  206  206  205  204  203  203  201  203  199  201  200  201  203  201  199  196  196  191  191  187  188  187  183  185  179  178  178 
 178  173  175  175  172  177  173  174  177  175  170  162  161  175  200  216  223  227  233  236  238  238  237  236  238  239  239  237  231  227  216  193  162  144  144  151  153  159  163  168  172  175  177  178  178  178  179  174  172  176  178  179  179  181  184  185  191  192  193  207  218  224  220  220  217  166  108  129  111   73  145  191  193  155  140  139  120  103  111  132  116   92   91  117  132   94  103  148   85   83   86  111   99   82   86  110  136  106   86   83   88   88   89   95  109  135   88  104   76   71  133  205  202  191  220  222  220  220  220  223  216  208  206  211  218  220  213  190  196  208  207  214  215  209  185  215  227  221  205  206  179  174  165  154  148  154  181  211  226  229  231  234  233  235  236  236  237  237  237  237  237  237  235  233  214  185  159  157  166  166  176  186  205  194  183  161  118  111   88   83   91  116  125  214  203  175  125  100   98  116  102  111  114  111  101   92   95   96   99  102  102   99   99  112  157  190  191  182  185  199  211  213  214  212  211  213  210  209  211  208  208  207  207  206  206  206  206  207  208  208  206  206  206  204  200  201  202  202  202  202  199  200  201  199  199  198  194  196  190  187  185  183  184  178  177  175 
 173  172  174  175  175  173  174  174  175  171  167  163  162  175  201  216  223  227  233  236  236  239  239  236  239  239  241  237  230  225  215  193  167  145  139  149  155  160  165  167  176  176  177  174  178  176  179  177  177  179  178  178  178  184  190  185  184  188  199  218  222  221  221  223  229  216  174  197  191  150  166  190  211  162  112  107   91  107  122  141  119  112  112  134  110   75   90  138  101   86   89  124   91   79   82  104  140  115   83   85   89   95   92   86   90   96  113   77   74  102  194  190  182  217  220  219  222  222  226  223  217  210  211  218  221  206  172  183  194  190  186  190  193  181  133  172  212  194  171  175  180  194  184  188  184  184  188  207  222  224  229  229  231  235  236  238  240  238  238  238  237  235  230  216  193  179  178  182  182  160  159  177  176  153  150  142  121  120   90   85   91  119  118  209  206  176  140   97   97  113  103  109  111  108   97   93   97   99   98  101   96   95  102  130  170  193  188  185  187  203  211  212  213  213  211  211  211  210  210  209  210  206  207  208  207  206  206  207  208  209  207  205  204  204  204  202  203  201  198  199  200  204  205  201  200  196  196  197  196  193  191  184  184  180  179  176 
 176  172  172  174  175  174  173  172  173  169  164  159  162  176  200  215  225  229  231  236  237  237  240  239  239  237  236  236  231  226  218  196  167  145  142  149  154  159  163  165  172  172  177  179  177  176  178  176  179  180  174  179  179  178  182  178  182  189  206  218  220  222  221  222  230  238  227  225  223  190  135  131  125   96   94   93  104  126  144  124  100  124  117  137  102   71   81  115  118   88   90  128   89   82   82   91  123  135   88   86   88   92   97   93   89   83   86   88   76  161  207  174  208  226  218  221  224  226  228  221  213  214  218  221  201  156  164  167  160  163  136  134  132  125  111  122  148  119  109  119  153  189  178  207  203  205  204  209  217  222  226  229  230  234  237  239  241  239  239  238  238  234  223  208  189  183  155  133  121  113  114  125  123  126  138  135  131  107   91   82   91  123  119  209  203  172  149  103   97  115  108  112  108  101   97   95   96   96   96  100   93   85  100  145  184  190  186  181  191  206  212  212  212  213  210  209  208  209  210  211  211  207  207  208  207  207  207  206  208  205  206  207  203  205  204  202  204  202  198  203  200  201  205  200  200  196  193  194  192  193  189  186  190  184  182  177 
 173  171  175  172  175  173  173  172  173  167  163  161  155  175  203  215  222  227  233  234  236  239  238  237  239  237  237  236  232  225  217  198  165  144  144  149  153  159  167  161  177  180  178  183  181  180  179  179  175  177  177  174  177  174  179  193  202  211  211  220  223  223  223  225  226  217  182  191  194  147   94   83   75   81  107  116  124  137  150  111  107  132  119  140  100   77   87  114  113   94   87  130   88   82   80   82   95  142  133   95   82   87   97   94   86   79   71   76  119  203  190  191  222  221  221  222  225  226  223  219  217  218  223  194  143  148  146  136  114  118  110  111  108  105  105  107  104  102   97   93  107  127  187  211  211  213  212  213  216  221  226  228  229  236  237  239  240  240  240  240  236  227  202  157  128  114  109  112  107  106  106  108  110  111  118  129  121   96   93   81   88  127  114  207  211  172  150  121   97  113  110  110  107  102   95   95   99   93  100  102   89   81   98  157  191  194  185  190  199  208  212  212  209  210  210  211  208  208  208  209  211  209  210  209  207  208  206  206  208  207  207  206  203  203  202  202  202  201  199  199  199  201  202  198  198  194  189  191  190  187  187  186  183  181  180  177 
 168  172  170  166  165  168  171  167  167  163  158  153  152  168  196  213  221  228  232  235  237  240  239  236  240  238  239  236  231  228  218  195  164  143  138  147  154  156  163  162  171  171  178  181  180  177  174  176  173  174  173  171  170  175  196  216  246  224  214  222  224  224  225  224  217  192  147  108  135  127   82   70   82  122  142  122  121  143  115  128  116  125  124  147   99   76   85  116   88  113   90  136   90   84   81   78   81  106  143  142  108   80   89   95   91   74   69   85  179  197  184  217  223  223  220  222  225  226  221  221  221  221  197  141  134  133  119  110  109  107  107  105  103   99   99  107  138  132  109   90   88   95  131  190  211  212  212  213  219  221  224  227  229  234  236  239  242  243  242  239  225  187  134  105  100  101  107  126  123  111  104  106  111  108  111  122  108   99   95   85   89  118  113  204  213  173  147  118  110  112  110  107  107   98   91   96   99   98  100   98   90   83  113  170  196  192  186  196  205  212  211  210  209  209  210  207  208  208  207  206  209  208  209  209  206  210  208  206  207  205  207  206  203  200  203  204  201  200  199  201  200  200  200  196  193  193  193  190  188  187  188  186  182  183  181  179 
 168  166  167  165  165  167  165  165  165  158  156  149  146  164  188  213  224  227  233  235  237  238  238  238  239  238  238  235  231  227  217  197  167  141  140  150  156  160  164  166  168  171  175  176  175  175  175  173  175  169  165  166  160  207  236  242  247  210  216  221  224  225  227  200  192  175  129  122  108   87   74   76  127  144  107   94  133  100   87  120  127  121  137  147   88   73   87  109   84  100  105  137  101   88   90   84   84   83  109  140  127  121  102   90   85   74   72  141  205  171  206  226  220  224  220  221  223  224  223  222  220  199  141  148  134  117  103  101  105  107  104  104   93  104  116  142  191  193  159  116   90   89   97  141  201  213  211  216  220  221  224  225  231  234  237  240  244  244  244  230  174  105   97   92   94  112  129  156  174  151  107   94  101  108  112  109   99  104   96   86   93  122  111  200  217  173  142  116  110  118  115  109  102   96   94   96   97   98   98   93   90   95  135  185  202  195  189  200  206  212  211  209  207  209  210  209  207  207  207  209  208  206  208  209  208  207  208  208  206  206  206  207  206  204  206  205  203  201  199  194  196  195  198  194  192  192  189  187  185  179  181  185  184  178  180  177 
 167  168  168  165  167  165  163  164  160  157  152  147  147  163  191  214  222  228  232  237  237  238  239  238  239  239  239  235  230  226  217  198  167  142  144  151  160  166  164  171  173  175  176  177  178  176  175  176  171  172  168  166  161  224  232  245  223  204  215  222  226  227  216  162  201  186  123  120   78   81   88  111  135  106   86  123  114   74   77  117  142  135  137  127   85   80   87   95   84   88   86  122  119   91   92   87   92   91   89   98   87   98  115   97   83   75   97  193  187  179  224  219  221  222  219  217  226  224  224  223  200  152  157  148  124  103   97  107  133  118  115  112   83  100  129  132  214  224  209  178  131  115  151  144  192  207  205  212  219  220  224  223  228  233  239  243  247  246  240  194  124   97   96   89   92  119  170  159  200  182  137  100   97  106  110  106  100   99   95   84   96  125  103  198  216  176  150  129  113  120  111  111  102   96   95   95   99   97   93   92   87  107  157  193  202  193  191  202  211  212  213  211  210  208  209  206  207  209  209  207  208  207  207  206  208  208  205  207  206  207  205  203  205  205  203  203  205  201  196  198  196  198  193  187  187  187  188  184  180  179  180  178  175  174  172  171 
 172  169  169  165  165  167  165  165  162  156  152  146  145  160  195  213  222  227  232  237  237  236  237  238  239  238  239  232  228  225  218  198  165  144  146  156  160  167  169  171  176  177  176  172  173  173  177  175  174  173  168  163  142  182  223  221  222  215  214  221  225  224  207  186  220  156   99  100   76   93  129  127   92   87  111  111  100   80   89  119  147  124  134  126   93   85   85   85   85   89   83  107  139  101   95   84   88   90   94   92   85   89   86   81   93  113  150  202  172  214  226  219  221  220  216  223  225  223  226  212  161  171  160  136  115  102  107  126  161  139  124  138  108  115  141  110  210  228  229  219  191  148  183  182  185  201  198  204  215  217  222  225  231  236  239  245  249  244  218  162  129  103  122   98  100  120  142  152  212  203  162  118   97  103  102  105   98   98   98   88  100  125  102  192  214  181  146  139  115  127  107  106   99   98   96   97   96   96   89   88   92  124  169  198  200  193  194  206  212  210  211  209  212  212  205  205  205  209  209  206  208  207  208  209  208  207  206  204  206  206  206  206  204  204  203  203  200  197  193  193  196  193  192  188  188  187  182  181  177  178  177  174  170  170  169  175 
 176  170  170  169  168  171  166  161  159  155  152  149  143  162  190  212  223  227  233  237  236  236  237  237  239  239  239  236  231  227  216  199  169  150  148  154  160  170  173  173  182  182  178  181  177  178  176  178  177  174  170  141  105  151  198  138  171  233  231  225  224  218  180  139  137   94   79   81   86  125  135  102   83  109  112   96  115   90   97  122  146  124  149  124   87   83   90   90   90   86   80   99  145  111   90   88   88   90   96   92   87   87   82   76   76  105  164  153  183  218  209  200  205  214  219  224  221  220  215  176  176  193  179  164  149  123  108  144  167  171  122  129  139  135  119  153  219  231  234  233  219  174  168  201  183  195  196  200  211  214  220  223  229  236  239  246  247  238  202  163  167  124  143  142  136  142  122  175  217  210  171  126  104   96   97  102   93   95   93   87  102  126   99  191  215  192  132  142  122  131  103  109   95   92   97   97  100   99   93   89   98  139  180  195  197  190  195  205  207  208  211  209  208  210  205  207  204  206  207  203  206  204  208  209  210  208  206  204  207  207  207  207  204  205  202  194  201  198  195  193  195  192  190  189  187  186  184  180  173  176  174  170  175  178  186  197 
 175  169  168  170  170  170  164  162  158  155  148  145  140  158  188  212  222  226  231  236  238  239  238  238  240  238  239  237  230  226  215  200  173  150  152  154  162  170  176  176  183  187  179  183  179  178  183  185  187  151  125  112   94  108  197  172  194  231  250  244  234  175   98   82   84   83   78   88  120  125  105  101   98  113  105  100  111  109  114  135  147  129  152  127   81   85   95   90   99   88   83   93  124  104   92   98   89   88   96   93   86   80   81   80   85  155  169  151  192  197  205  212  219  224  223  221  220  216  178  181  194  205  199  199  186  160  117  127  173  185  160  125  114  121  153  203  231  237  238  236  225  205  193  208  197  199  205  203  209  216  217  223  228  235  239  246  246  231  188  180  191  166  130  143  139  128  154  205  220  209  170  127  109  105  106  104   92   93   90   88  111  122  101  184  217  190  128  134  129  131  104  101   95   98   97   96  105   98   91   89   99  151  187  197  194  190  202  209  209  208  208  209  207  206  203  206  203  206  204  205  206  206  206  207  205  207  207  206  204  206  207  207  204  205  200  196  195  197  195  193  189  192  189  185  184  179  180  177  173  172  176  177  192  200  208  216 
 174  172  169  173  170  169  166  162  161  154  149  144  138  158  186  211  223  227  232  238  237  238  239  239  241  239  238  238  231  226  217  202  177  155  154  159  164  174  180  178  182  182  188  187  186  180  177  158  132  107  129  121  134  167  208  203  231  238  248  244  180  103  108   77   81   76   84  114  138  123  112  104   89  108  117  120  123  128  115  138  136  114  149  136   95   95   91   85   99   90   88   95  101   93   98  102   88   91   92   96   80   78   73   81  132  193  161  192  217  213  220  218  222  223  220  218  212  181  189  201  203  208  211  214  209  187  156  150  179  192  194  180  167  179  206  225  229  237  238  230  220  221  210  204  210  206  205  210  211  213  217  221  227  235  241  246  244  225  187  172  181  194  166  149  149  166  202  215  215  205  165  127  108  109  110  110   98   89   95   95  114  117  100  173  217  190  134  133  129  128  108   95   96   95   93   94  107  101   92   89  109  162  190  193  192  194  203  210  208  208  209  207  208  205  206  206  203  208  206  205  206  203  202  207  204  207  205  205  202  205  205  205  202  204  201  197  199  197  193  188  187  186  188  186  182  176  178  174  175  186  196  202  212  215  218  223 
 175  171  174  170  168  169  169  164  163  156  149  144  141  159  193  212  223  227  233  235  237  238  238  239  239  239  240  236  233  227  218  201  176  156  152  162  168  173  179  185  190  190  187  191  190  178  112   94   97  115  158  178  198  216  228  223  225  242  202  123   87   88  126   83   85  103  132  154  140  123   80   79   80  117   95  129  118  114  116  139  146  107  156  144  124  104  101   82   91   84   86   92   94   94  103  100   96   93   93   92   82   74   74  100  188  180  178  222  219  217  220  220  222  222  219  208  172  189  202  204  207  209  217  218  216  213  197  182  175  177  202  208  209  215  219  220  226  233  230  223  218  218  208  210  214  212  205  207  213  212  217  222  228  235  241  247  243  223  197  179  176  196  203  194  200  209  215  209  205  189  145  109  123  123  116  113  100   90   99   95  119  115   98  169  219  196  150  133  139  114  109   98   90   93   90   98  104   98   90   99  133  173  192  191  186  197  204  208  207  206  210  205  205  205  203  205  198  204  205  205  207  206  203  208  205  207  206  203  204  204  203  203  200  202  196  195  196  194  191  187  183  185  188  181  181  178  179  187  198  208  213  219  220  224  227  231 
 176  174  173  173  172  172  168  161  160  156  151  148  144  156  190  212  224  228  232  234  237  239  238  241  241  241  241  240  233  228  220  200  175  156  155  163  171  177  179  181  187  189  189  191  203  170   91   92  131  161  198  205  195  207  204  206  219  172   98   88   84   85  122  135  136  135  124  108  123   94   74   77   91  131   85  124  117  107  118  135  156  133  160  135  126  109  114   82   88   82   85   89   93   94   97   93   96   96   91   89   78   74   78  151  201  168  202  223  217  219  221  222  224  221  209  175  183  202  207  209  212  212  216  219  221  217  213  201  202  205  186  198  178  197  209  200  202  195  209  216  219  220  221  216  210  210  206  209  214  216  218  220  227  233  239  245  244  229  222  214  205  203  213  204  200  203  197  171  159  147  127  116  150  138  117  116  100   91  101  100  118  112   93  164  215  203  158  125  143  117  111   92   92   96   91  101  108   96   98  120  152  181  192  189  192  199  208  207  206  208  208  206  204  205  205  201  195  205  205  206  207  202  200  204  204  205  203  204  206  203  204  201  196  199  198  190  189  192  191  185  184  180  182  178  180  185  200  211  215  220  225  225  228  229  230  232 
 180  174  176  173  171  171  165  162  163  156  150  145  141  155  188  213  223  228  232  234  235  239  238  239  241  243  240  240  234  229  220  204  177  153  156  161  168  176  179  187  191  187  193  193  202  180  105  127  182  202  218  204  178  174  174  191  159  106  109  101   90   91   96  143  144  109   95  132  124   81   82   84   93  129   96  119  127   84  110  136  143  145  152  128  136  141   90   82   91   87   90   88   92   94   94   90   95   96   85   84   74   72  112  194  185  180  218  215  217  219  223  224  220  213  168  175  197  207  212  213  217  217  216  219  218  219  218  216  217  210  196  204  181  199  203  191  186  184  201  209  220  221  217  209  203  207  209  211  214  214  216  218  227  233  239  246  244  230  222  221  215  215  208  189  179  180  178  151  137  133  151  152  157  148  119  117  101   93  100   99  127  111   95  163  214  208  171  125  142  120  103   95   93   95   90  103  104   92   99  131  168  189  190  189  192  203  209  211  207  205  207  207  206  205  202  205  198  200  204  204  203  202  203  205  200  203  203  203  203  202  202  200  194  197  196  192  188  185  185  183  180  178  183  186  200  207  214  220  224  226  230  229  231  230  230  231 
 179  175  174  173  163  168  161  157  157  153  149  144  137  152  188  211  221  227  232  235  235  239  239  240  241  241  243  241  235  229  222  206  178  156  155  160  164  176  180  184  187  192  191  191  190  202  169  180  201  189  187  194  169  135  112  121  132  117   94   87   80   86   79  104  151  148  136  154  135  125   99   94   79  119  103  109  134  106  104  130  132  149  152  148  149  100   79   91   94   85   92   96   90   95   96   93   95   94   87   78   68   83  171  201  174  202  214  217  217  218  220  224  214  167  162  190  201  211  212  216  220  220  217  222  222  218  220  220  221  218  214  217  209  211  212  211  204  212  216  219  218  217  216  212  205  211  214  214  214  214  215  218  226  233  237  244  245  233  221  218  215  214  210  208  207  199  202  189  164  162  165  169  162  152  124  120   95   95   99  102  120  110   94  158  212  213  179  128  135  114   94   99   92   91   92  112  100   89   96  139  178  193  189  184  199  206  209  209  207  205  207  204  206  203  205  203  200  202  203  204  204  203  203  200  201  201  201  201  200  201  199  199  192  194  189  186  188  184  183  182  184  181  189  205  213  220  224  229  230  231  232  229  232  231  229  231 
 173  169  170  167  164  161  158  153  154  150  145  138  131  153  187  211  219  225  231  235  237  237  239  241  244  241  242  241  235  227  220  207  180  158  153  159  166  173  178  186  189  191  192  192  188  212  206  215  221  218  200  170  130  108  105  124  132  106   81   82   94   90   89   93  110  155  153  147  141  129  100   92   76  103  116  102  129  140  123  112  113  139  139  155  132  123  109  103   88   91   91   93   92   92   99   91   92   88   79   79   73  125  204  189  191  219  216  219  219  219  225  219  166  158  183  196  207  210  216  219  222  224  223  222  224  223  223  222  222  218  220  219  220  218  218  220  220  223  224  223  222  220  222  214  210  214  215  217  216  216  216  219  226  231  237  242  243  234  223  222  223  221  217  217  217  209  207  198  186  185  175  180  172  159  126  123   95   98  102  104  115  110   96  154  212  212  182  131  124  112  100  102   95   90   95  110   96   85   99  150  186  192  186  187  201  208  208  208  205  203  207  207  203  203  203  202  204  204  206  203  202  198  202  200  201  204  201  200  199  198  201  199  193  192  190  188  189  186  181  177  183  193  211  219  225  227  231  234  234  234  230  230  231  232  231  233 
 176  170  165  167  159  157  155  150  154  146  139  131  119  144  180  210  220  227  230  234  235  237  240  240  241  240  241  240  234  228  222  207  177  155  154  162  165  170  180  182  190  193  193  194  190  192  213  214  206  185  175  150  106  102  125  137  111   94   78   83  113   99  109  113  129  131  117  117  129  107   88   84   80   97  112  103   93  136  145  131  138  130  120  132  105  127   96   95   90   88   88   89   90   90   97   91   89   87   79   74   90  182  201  176  204  221  221  220  223  226  222  173  147  175  192  200  208  212  214  217  223  224  224  222  226  227  229  227  225  222  222  222  223  221  225  223  226  226  225  226  225  223  220  215  213  216  219  220  217  215  217  219  224  228  232  241  244  235  226  226  223  223  220  219  217  213  211  206  206  197  188  189  180  164  132  124   98  104  102  111  118  110   91  150  211  214  179  132  125  113   98  101   90   89   99  101   90   89  107  162  189  192  187  188  202  206  208  206  206  207  204  204  204  205  201  203  202  205  203  202  204  201  201  202  200  201  198  195  197  198  196  196  192  194  190  183  183  179  179  181  198  214  225  230  233  234  235  235  232  234  232  232  232  231  231  232 
 170  168  165  163  157  154  153  150  150  148  138  133  127  142  173  209  220  225  230  232  235  237  240  240  242  241  240  240  234  228  223  205  175  158  155  164  168  178  180  184  189  188  188  191  189  190  189  184  168  174  160  121  122  135  140  114   92   95   85   94  122  113  131  141  143  125   92  112  134  101   73   78   94   97  119  123   91   87  149  156  140  109  116  121  151  109   81   87   95   92   92   90   89   89   91   94   90   85   78   79  140  205  178  181  214  222  222  223  226  224  180  130  166  185  197  205  211  214  213  218  224  225  225  228  230  229  230  228  231  228  226  228  226  226  227  226  227  227  225  227  226  225  222  216  217  220  219  217  216  216  217  217  223  228  232  242  243  237  228  225  222  222  220  220  218  214  214  211  209  201  195  188  180  166  134  119  103  104  104  115  120  106   88  145  209  221  193  131  118  111   97  103   88   88  101   98   88   90  124  173  189  189  185  195  205  205  207  208  209  205  205  204  205  203  199  202  198  204  199  203  201  199  200  204  200  199  195  192  195  198  195  191  193  190  187  181  180  176  181  198  216  225  232  234  236  237  235  234  233  234  233  230  231  231  230  234 
 165  164  162  159  155  154  150  148  148  145  137  131  127  144  175  210  220  227  231  233  235  239  239  239  243  242  239  239  233  230  220  206  177  156  151  160  166  173  178  183  187  186  189  188  192  192  172  163  188  190  160  158  167  160  131  100  100   95   99  109  137  118  141  140  140  121  116  147  123   77   73   80   90  100  131  149  122  107  107  119  142  127  142  153  141  102  103  103   96   93   94   92   87   87   90   87   88   82   77  100  190  195  177  202  219  224  223  224  222  196  119  143  172  191  199  208  210  212  216  220  222  225  227  228  230  230  230  230  232  231  228  228  229  229  230  231  227  229  228  226  225  223  221  218  218  219  216  218  217  214  218  217  222  228  231  239  243  239  229  224  223  222  219  221  221  218  215  215  210  210  200  198  185  168  137  116   98  104  112  113  122  111   87  140  210  220  198  136  113  109   91  105   90   91  100   95   91   99  145  183  190  189  186  199  207  208  208  207  206  206  206  203  203  203  202  201  199  202  202  202  204  199  199  203  199  198  198  195  189  194  195  191  188  188  182  181  177  180  198  217  226  233  235  236  238  236  235  234  234  233  231  231  232  232  231  232 
 162  162  161  157  153  151  150  146  143  141  133  126  123  141  173  208  217  225  231  235  235  238  239  239  242  241  241  241  235  229  219  201  175  157  153  161  162  171  179  177  185  191  188  189  185  186  176  186  194  186  158  139  130  122  105  100  102  108  101  120  132  117  139  138  127  140  146  131   90   75   81   79   90   85   94  123  135  137  140  128  126  151  156  135  109  153  152  138  130   82   87   95   88   87   88   85   82   75   78  148  207  172  184  216  220  222  219  225  209  116  122  151  176  193  201  208  212  213  215  220  223  226  227  229  231  230  232  231  231  234  231  232  233  229  231  229  228  232  230  229  226  224  223  220  219  222  218  218  215  218  217  217  222  228  231  239  243  240  232  224  224  225  222  219  221  216  217  214  214  212  206  203  194  171  136  117   98  102  110  115  125  103   85  136  209  219  199  146  109  100   85  111   86   95  104   95   92  102  159  188  193  186  194  203  209  207  208  204  203  204  206  205  204  205  202  199  203  201  204  202  199  198  195  194  194  196  196  196  192  192  194  187  189  185  183  179  180  197  214  227  231  237  239  237  239  237  235  236  234  233  233  231  234  233  232  233 
 158  156  157  153  149  152  147  148  142  140  134  125  119  139  177  208  217  223  231  234  234  237  240  239  241  241  241  240  233  229  220  204  176  154  156  159  160  169  179  176  184  191  200  201  197  186  192  200  180  124   94   98  118  104   95  103  105  103  109  125  128  119  136  121  144  153  132  104   87   88   84   80   87   83   85  100  113  115  145  152  148  107   77   81  119  180  177  156  132   87   88   91   88   86   86   83   83   77   95  189  189  176  199  219  223  223  225  219  131   93  126  154  181  201  205  209  213  216  217  219  224  226  226  228  230  230  231  232  232  234  231  232  233  230  232  230  231  233  231  229  228  225  224  221  221  222  219  220  219  219  219  219  219  227  231  239  244  240  235  225  224  224  223  222  224  219  218  217  215  212  210  204  196  173  129  117   96  107  116  114  128  100   89  123  207  219  204  162  109   99   88  106   92   98  100   91   94  119  172  191  193  190  196  209  208  207  207  205  202  204  205  201  202  200  200  201  199  199  201  200  202  196  197  196  193  192  198  192  196  192  186  186  185  182  180  181  195  214  224  231  233  237  238  237  237  236  235  236  233  233  232  232  235  234  233  232 
 153  151  152  150  146  148  148  143  143  136  132  123  120  139  173  204  217  222  231  235  235  237  238  239  239  239  240  239  234  228  219  203  169  155  151  158  163  171  181  183  194  199  195  193  180  172  175  157  134  107  108  123  118  102  102   97  101  106  124  117  116  139  140  150  149  146   96   87   92   91   90   87   89   85   85   89  108  120   94  104  132   84   68   90  139  182  182  159  117   91   83   88   89   85   85   83   77   81  142  204  181  184  211  221  225  224  225  165   78  103  130  161  186  198  208  210  211  214  219  220  224  226  225  228  231  230  233  232  234  234  233  233  233  233  231  231  231  233  231  230  229  227  225  223  221  222  221  220  217  216  217  216  219  226  230  238  243  238  235  228  221  222  223  224  223  219  218  217  217  214  210  205  196  171  124  118   94  111  110  117  131  100   85  120  206  212  204  179  107   96   90   96   94  100   98   88   91  132  182  195  194  192  199  207  210  208  208  207  205  204  207  203  200  203  203  201  200  203  201  199  201  198  196  195  195  193  192  192  191  189  190  183  181  174  178  189  211  225  231  235  236  237  237  236  237  236  236  236  233  233  231  232  235  233  233  234 
 150  148  145  146  144  142  148  145  138  134  130  120  116  135  175  205  220  226  230  233  237  238  238  239  240  237  239  239  234  230  223  202  175  158  149  154  165  171  177  180  184  187  190  195  193  168  149  129  136  130  131  125  114  114  105   95  111  129  132   95  114  150  153  145  107  104  110   92   95   90   88   87   88   87   91   88   86  113  118   99  135   88   72   84  149  180  188  157  147   93   85   84   84   82   88   77   74  106  192  190  185  200  226  225  223  224  194   87   89  112  132  165  191  201  208  210  212  213  217  221  222  227  226  227  227  229  233  233  232  236  234  233  233  231  232  231  231  234  231  230  229  225  224  223  223  223  222  220  218  217  217  216  220  226  231  237  243  241  235  226  222  222  223  222  222  220  218  220  218  215  213  209  197  165  117  116   91  112  103  118  138   99   89  115  199  214  192  187  112   92   87   94  109  100   95   93  100  149  190  199  197  192  205  209  210  205  207  204  204  202  204  202  203  201  201  200  200  201  202  199  197  194  198  200  195  196  194  190  192  187  186  182  179  181  185  203  222  231  235  238  236  236  237  235  236  235  235  234  233  232  234  234  235  235  235  234 
 148  143  143  145  141  142  141  136  136  134  126  119  118  136  178  205  217  226  229  232  234  237  236  238  239  239  241  239  233  230  223  203  175  154  148  158  161  168  171  175  183  184  191  197  195  158  137  120  120  132  136  121  147  125  100  114  135  134   98   92  122  154  133  130  100  107  111   95   86   90   91   94   94   89   92   90   88  100   90   95  135   98   70   84  147  177  183  180  156   92   80   80   82   79   85   75   75  151  201  183  186  218  226  226  221  214  114   77   89  107  138  168  191  202  207  211  216  214  216  220  221  225  225  225  228  229  233  232  234  236  233  236  234  233  232  231  231  232  231  230  228  226  223  222  223  222  220  219  218  214  216  217  219  224  228  237  242  240  236  224  221  223  223  223  222  219  220  220  218  214  212  207  192  158  119  109   93  111  100  121  138   96   87  115  197  214  194  201  122   89   93   91  114   99   96   94  111  163  192  196  194  199  208  209  210  205  206  202  205  203  204  203  204  201  199  204  199  198  196  198  200  192  199  198  194  196  197  190  187  187  187  182  177  177  197  216  229  236  237  239  237  237  238  236  236  236  235  237  234  235  235  234  237  235  233  234 
 146  143  140  139  137  139  136  133  132  131  125  119  116  136  175  207  216  223  228  234  233  236  234  235  239  238  239  239  234  231  224  204  177  154  147  155  159  164  172  178  186  190  194  196  190  142  129  153  151  144  118  139  161  127  122  142  132   94   86   93  106  137  143  127  119   99  101   92   85   90   99   91   93   89   90   90   90   89   93   88  121  105   73  116  156  172  157  199  192  130   76   78   76   75   77   74  101  192  187  182  198  223  224  225  220  158   78   82  100  110  136  169  190  204  205  209  215  218  218  220  223  227  225  226  228  229  231  232  234  235  233  233  234  233  233  232  232  231  230  229  230  225  223  221  220  222  219  219  216  211  212  217  218  222  228  236  242  241  238  224  221  224  222  222  221  217  219  217  216  216  211  203  188  145  121   97   97  105  100  123  137   98   89  105  196  217  196  203  138   84   87   90  115  100   93   98  128  178  197  198  194  202  213  210  211  207  206  207  206  203  204  202  203  203  198  199  196  201  196  195  196  193  195  193  191  192  191  188  188  185  181  182  179  187  212  226  234  238  239  238  237  236  237  236  236  236  236  237  234  236  237  235  237  235  234  233 
 138  139  135  135  134  136  135  134  126  127  120  115  113  138  175  204  216  224  229  232  234  235  235  234  237  237  237  237  233  231  223  205  171  151  145  155  162  168  168  176  180  185  193  192  176  146  165  159  141  119  128  154  136  115  144  129   98   94  101   99   88  113  146  124  134   92  102  102   93   95  105   89   87   88   86   89   86   92  128   87   93  111   81   92  151  162  154  174  213  186  120   79   71   74   78   89  143  203  181  189  213  224  229  228  198   88   74   85  108  114  136  164  187  202  207  211  214  217  220  221  225  225  225  229  229  228  228  230  231  234  234  233  234  234  234  232  233  234  231  229  228  226  224  220  218  220  220  217  217  212  215  216  218  223  227  234  240  242  240  224  221  223  222  219  221  220  218  216  216  213  210  199  183  137  112   87  100  105  104  120  135   92   85   97  186  216  197  202  159   94   81   86  110  101   91  103  147  187  193  195  191  204  212  212  210  209  207  205  205  203  203  205  202  201  200  200  195  197  198  196  196  195  192  193  193  196  193  189  187  184  181  179  179  204  221  232  237  239  239  239  238  237  237  236  237  235  235  236  234  236  236  235  237  237  235  233 
 141  136  134  134  135  135  134  131  126  124  118  111  108  132  172  205  217  224  231  233  233  236  234  232  236  236  239  238  234  230  224  207  171  150  143  149  166  181  172  173  182  184  186  191  181  166  131  109  100  131  168  154  115  143  127   90   90  122  108  113   94  129  153  136  148  103   95  100   98   98  108   88   87   84   84   89   84   93  114  103  106  110   96  117  157  173  184  142  175  209  187   96   74   80   81   94  182  189  179  195  226  227  230  223  128   73   77   93  122  114  144  163  184  197  203  211  216  217  220  220  224  225  226  227  229  228  230  230  231  235  234  234  235  234  233  233  233  232  231  228  227  224  222  218  216  216  215  216  212  212  213  215  219  223  224  233  240  243  241  227  221  223  221  220  220  219  219  218  214  212  209  200  174  129  100   88  103  105  109  123  138   88   83   96  179  213  199  194  171  106   80   91  106   96   88  106  160  193  198  194  197  208  211  211  210  208  207  207  204  202  203  201  201  201  201  200  195  196  198  194  196  195  193  192  192  192  191  187  185  185  180  175  192  214  228  235  239  239  239  238  237  237  238  236  236  235  236  237  237  238  237  236  237  236  234  235 
 141  136  136  135  135  132  129  128  124  123  118  108  108  132  175  204  215  222  228  232  234  235  233  233  235  237  239  239  233  229  222  206  174  149  145  147  171  175  160  171  181  190  197  187  184  139   84   96  118  162  186  142  136  120   93   87   90  133  108  104  103  151  148  144  131  128   94  100  101   98  105   88   81   78   79   83   87  114  143  135  136  102  128  142  156  205  205  150  119  189  203  123   69   74   71  125  198  182  180  212  229  229  226  174   78   77   78   98  130  115  138  165  182  194  203  209  214  214  218  219  223  224  226  227  228  227  229  230  230  233  231  233  233  232  234  233  232  232  231  229  226  224  220  217  216  216  217  215  213  211  212  213  216  220  224  232  240  243  242  232  221  223  222  223  225  220  217  215  213  214  210  198  163  120   90   85  101  116  109  127  143   93   84   95  169  209  192  198  176  109   74   97  101   93   87  119  172  196  199  195  200  209  211  212  213  210  210  207  204  206  203  205  202  200  198  197  197  197  195  192  196  195  191  194  192  190  190  187  187  180  182  186  206  223  231  237  239  238  239  239  237  238  236  234  237  237  237  238  239  238  238  236  236  235  232  234 
 141  139  137  133  134  133  132  129  122  121  114  107  104  128  171  203  216  224  229  233  235  234  234  234  236  238  238  238  232  230  220  205  173  149  144  147  169  192  171  179  197  196  174  174  177  123   98  121  160  164  137  140  122  101   95   92  116  123  132  113  123  145  134  149  117  152   99  100   99   95  101   85   80   76   72   86  106  143  170  156  130   97  143  146  183  225  223  173   89  146  171  106   67   64   83  178  190  178  189  221  229  227  195   89   74   79   77  105  133  120  139  160  185  199  203  209  214  215  219  220  223  224  223  226  230  228  230  230  230  230  231  230  230  232  234  232  232  232  231  229  227  223  220  218  215  216  217  212  213  211  210  211  215  220  225  232  238  241  243  236  219  223  221  221  222  217  218  216  215  214  208  190  155  112   84   88   96  117  115  131  144   93   80   94  162  209  193  199  179  108   71   96   93   91   89  137  183  199  200  194  205  211  209  209  208  209  206  206  207  206  206  202  199  202  200  198  196  195  193  195  196  191  193  193  191  188  187  184  184  177  181  199  217  230  235  237  240  238  236  238  237  237  236  236  238  238  238  239  238  238  237  235  236  234  234  236 
 142  139  138  131  132  130  129  127  122  122  115  107   99  126  170  204  216  224  230  233  233  235  235  235  237  237  238  239  234  232  221  204  172  146  145  146  154  184  198  186  179  167  166  181  175  137  112  143  168  141  111  128  117  124   96  110  129  117  138  105  131  135  137  158  123  145  101   89   90   97   98   87   82   84   78  110  101  124  169  160  119  127  142  172  179  216  224  189   93  114  132   79   68   68  118  196  185  186  203  228  230  213  111   74   81   79   80  106  145  121  141  159  182  199  202  212  213  214  217  219  222  222  223  227  228  227  228  229  231  229  229  231  230  230  232  231  229  231  230  229  225  223  218  215  213  214  214  213  211  207  210  211  214  219  224  229  236  243  246  239  219  221  218  220  221  219  219  216  214  212  203  178  143   94   85   95   94  117  118  130  135   96   81   93  153  209  204  200  181  115   72   97   83   91   98  152  190  199  199  196  209  213  209  209  210  209  207  207  206  206  203  202  202  203  201  200  196  197  196  192  197  194  194  194  189  186  190  188  182  178  185  210  225  234  240  238  239  238  237  237  237  236  236  237  239  238  236  238  238  237  238  236  235  237  235  237 
 146  142  143  135  131  130  131  128  123  116  109  105   99  126  171  202  216  225  229  231  232  237  237  236  238  238  240  238  233  232  223  207  172  150  146  147  152  162  174  181  174  165  167  182  184  135  100  124  146  127  129  127  126   99  116  122  113  138  127  112  126  121  141  162  120  114  103   78   81   86   95   93   87   84   84   96  108  128  129  144  133  177  182  180  142  139  172  146   94   87   99   77   75   81  160  197  186  190  222  232  221  143   75   80   83   82   82  110  150  128  139  167  179  194  204  207  212  217  219  220  221  224  224  227  226  226  227  228  228  229  228  229  228  230  231  230  229  231  228  226  223  220  216  210  208  212  214  215  214  213  211  209  215  218  223  229  236  242  246  241  221  221  218  222  222  218  216  214  211  211  194  167  126   83   83   95   98  119  120  132  131  100   81   89  147  204  205  199  187  127   86   92   82   90  117  162  195  201  198  202  210  210  209  208  208  204  206  206  203  205  204  204  199  201  199  199  199  196  198  194  198  193  190  193  190  187  186  186  184  180  197  218  230  237  240  239  240  238  238  239  236  237  237  238  240  238  237  237  238  236  236  236  237  236  236  237 
 146  141  139  140  138  135  135  129  124  119  113  102   96  121  167  202  216  224  229  234  234  236  236  237  238  240  242  239  235  230  225  208  176  148  143  145  155  163  168  181  179  167  183  183  166  114  116  130  125  123  142  130  111  116  124  110  110  144   98  100  125  111  139  163  128  100  129   77   82   90   85   94   99   92   83   89  101  127  115  133  158  198  190  158  121  139  134   97   80   86   93   69   89  140  187  181  187  204  228  210  187   89   74   75   85   85   84  114  153  126  148  163  178  192  202  204  212  215  217  218  220  221  224  225  227  227  229  226  226  228  227  229  229  229  231  230  230  231  226  224  221  219  215  207  205  215  217  219  217  215  211  211  213  219  224  230  234  242  246  241  221  219  219  222  221  219  214  213  210  206  187  155   99   81   85   96   93  118  124  130  125  106   85   92  133  193  205  197  196  152   92   84   76   85  133  178  202  203  198  202  210  210  209  206  205  204  205  203  203  203  203  201  201  200  202  201  198  194  198  196  197  199  193  193  193  191  189  184  183  183  207  226  235  241  240  239  240  238  237  237  238  239  239  240  239  238  239  238  236  236  235  235  236  236  237  236 
 147  144  142  143  137  137  135  130  125  119  116  102   96  123  167  202  216  223  232  234  234  237  236  237  238  239  241  242  236  230  222  207  175  144  139  149  164  178  189  181  179  169  181  185  153  116  129  133  117  131  150  121  115  116  110   99  131  134   85  104  141  113  133  158  142   94  140   87   81   89   98  108   95   84   73   93  110  126  151  153  156  197  199  175  144  134  110   85   77   87   75   80  156  188  183  166  159  192  201  192  176  110   83   79   90   86   87  117  157  140  143  157  173  196  202  208  212  214  217  217  221  224  225  225  227  225  228  227  228  228  226  229  229  228  231  230  229  229  226  224  222  216  209  200  208  217  219  220  221  220  216  214  214  217  222  232  238  244  248  242  222  216  219  221  221  215  214  212  209  199  179  133   88   85   90   97   92  123  126  128  128  102   84   90  114  186  204  201  204  164  103   82   75   88  149  188  206  203  202  207  209  209  205  206  205  205  203  202  200  203  201  200  203  202  200  200  197  195  199  199  195  193  191  195  190  189  187  178  182  196  217  233  238  242  240  240  240  239  238  238  239  239  240  238  238  237  238  237  235  235  236  233  236  234  233  236 
 148  146  146  143  139  139  135  134  130  125  117  102   96  123  165  205  217  224  229  234  235  236  234  237  239  238  242  241  236  230  224  208  177  147  148  166  187  192  180  176  182  174  183  185  139  121  104  133  129  147  142  122  120  104  111   90  144  116   80  100  142  119  118  159  147   91  124  105   91  107  103   88   94  107   78   85  104  133  170  159  102  113  145  164  110   83   79   75   81   83   67  130  206  216  207  195  183  184  203  210  157   90   79   82   92   84   84  117  160  146  139  159  181  194  203  209  213  214  218  220  221  224  224  226  225  224  227  227  227  228  227  227  227  227  229  228  227  228  226  222  221  216  207  201  212  220  222  221  223  221  222  216  212  216  222  231  237  242  246  242  219  217  220  219  221  215  215  211  208  197  164  101   82   84   88   95   97  116  122  126  126  101   89   94  102  180  209  205  199  168  110   83   72   90  159  196  210  206  198  209  210  206  205  207  206  205  203  203  201  200  202  202  199  199  197  198  196  196  199  197  195  194  193  191  191  186  187  180  188  206  223  235  239  241  239  240  240  239  238  239  238  240  240  238  237  237  237  236  235  235  236  235  235  235  234  235 
 149  145  144  143  139  138  135  135  130  127  121  107  101  133  168  205  216  223  229  232  234  235  233  235  238  238  241  239  235  228  221  207  180  161  167  171  173  166  169  176  182  176  187  173  133  113  101  138  139  142  140  125  107   88  104  126  140  109   87   85  135  127  111  155  162   96  118  142   83   95   90   88  102  130   77   76   87  108   99   87   82   94  128  151  128   86   77   78   87   70   68  174  207  215  215  218  224  222  213  166  107   80   80   83   95   88   88  120  156  146  146  167  184  198  201  210  213  215  217  219  221  224  224  226  225  226  227  227  226  227  226  228  228  227  228  229  228  227  225  223  221  217  208  203  214  222  221  216  212  214  218  214  211  215  220  227  236  239  243  235  214  218  219  220  220  215  211  209  202  187  130   88   85   82   88   96  101  118  129  118  129   98   98   92   90  165  208  206  195  167  116   84   71  103  168  201  208  204  200  210  208  205  204  204  205  204  203  201  201  203  200  200  199  197  195  197  193  199  199  198  195  192  193  189  188  190  183  180  191  214  227  238  239  240  240  240  240  239  239  239  238  240  238  237  238  237  235  236  235  236  235  235  235  235  234  235 
 146  146  146  145  143  142  141  135  132  126  123  116  109  142  175  206  218  224  229  232  233  234  234  236  237  240  242  241  236  230  221  208  179  158  143  147  154  163  170  176  182  180  183  158  136  131  117  135  132  155  152  124  104   73  105  159  134  106  108   85  127  132  125  150  177  117  103  157   89   87   90  117  106  127   78   77   78   89  102  100   94  159  167   99   80   81   81   85   77   69   91  199  213  221  219  222  218  203  148   97   83   81   83   88   98   90   90  116  155  147  156  173  180  197  202  211  213  215  218  219  221  224  223  226  225  226  230  228  228  228  226  227  227  227  228  228  228  228  226  223  223  219  211  207  220  223  207  136  116  154  188  196  208  213  214  222  232  237  239  224  217  219  220  220  219  217  213  210  198  165  100   83   87   84   90   99  105  125  132  116  126  100  102   92   87  156  211  206  193  181  121   83   85  124  184  204  209  203  202  211  209  206  205  203  204  203  200  200  200  203  203  201  199  200  198  196  195  194  199  193  194  195  194  187  189  187  181  177  199  220  233  241  241  242  239  239  241  240  239  240  239  240  237  236  237  236  237  236  235  235  236  234  234  235  235  234 
 147  146  144  143  143  145  146  137  133  128  128  121  122  151  186  209  220  224  229  233  233  234  235  237  237  239  241  239  235  230  222  207  182  151  143  149  157  161  171  179  183  182  167  152  133  148  122  131  134  176  148  117   85   76  127  149  108  105  124   90  117  132  126  145  170  139   95  155   92   84   87  121  116  117   97   76   73   75   84  109  121  172  173   99   86   89   94   81   68   70  136  203  214  224  223  224  217  168   86   82   84   82   86   93   99   94   90  118  161  153  164  176  185  197  205  206  214  215  219  219  220  224  223  224  224  227  229  226  228  228  226  227  228  228  230  228  229  228  226  224  225  222  218  210  214  220  201  167  153  176  182  175  174  200  209  218  225  232  231  224  222  220  219  217  217  214  210  209  195  133   92   86   89   83   95   95  109  130  129  117  130  101  102   99   84  142  207  207  181  185  127   81  111  147  193  208  212  203  205  211  207  206  202  201  202  201  203  199  198  201  200  200  199  200  197  200  195  194  197  194  198  196  191  193  189  184  183  184  209  225  237  241  240  241  240  239  241  240  239  241  238  239  237  235  237  237  236  237  236  237  236  235  237  236  235  235 
 144  145  146  146  146  147  144  139  133  133  131  130  134  160  192  208  220  225  231  232  233  235  234  236  239  239  242  241  236  231  224  210  181  154  146  151  158  165  175  179  185  183  176  159  141  137  123  128  119  133  118  106   77  112  153  131  105  116  123   92  119  139  121  143  154  159  108  155  105   69   75   94   96  157  173  102   75   71   74   79  133  145  105   82  101  102  106   97  108  129  169  191  208  216  223  222  188  114   80   87   90   89   93   95   98   90   92  124  162  161  155  180  193  203  206  211  215  217  216  219  220  224  223  226  226  226  225  226  225  225  227  227  227  227  229  229  228  227  228  225  225  222  221  212  211  216  216  217  216  215  219  207  195  195  204  213  220  229  227  225  222  219  218  215  216  211  211  203  174  105   90   89   87   81   98   97  111  133  131  118  130  100  104  103   83  124  202  209  185  190  136   83  109  167  201  208  209  202  206  209  206  206  204  205  202  204  205  203  199  199  197  200  200  194  195  199  196  195  195  191  197  192  193  192  188  183  182  189  214  229  238  241  240  241  241  240  241  240  241  241  239  239  238  235  237  237  236  239  237  237  237  236  237  237  235  236 
 148  144  144  148  143  143  142  138  133  129  134  136  143  170  195  210  220  226  231  232  233  233  234  235  238  239  242  241  234  231  222  208  182  153  142  149  157  164  170  177  185  186  183  155  127  106  117  131  116  119  100   78  104  152  134  107  120  117  113  106  116  139  115  135  140  170  131  150  130   70   75  104   93  188  219  151   88   63   68   87  142  128   92   72  128  135  159  158  165  177  167  179  189  182  206  199  102   79   80   90  100  105  100   95   97   91   94  118  170  163  157  178  194  204  206  211  213  216  218  216  221  223  222  223  227  225  225  225  224  225  225  227  228  226  228  228  229  229  228  228  226  223  223  220  215  217  215  221  223  221  222  214  211  212  213  220  229  230  229  225  219  221  218  214  213  210  208  196  136   91   87   89   85   86   96  100  110  140  132  124  128  102  106   95   86  113  197  209  188  190  147   93  107  182  209  209  211  202  210  210  206  209  207  206  203  200  201  203  199  202  197  197  200  201  197  196  192  192  194  191  192  190  191  189  187  183  185  194  217  231  239  241  238  241  241  240  240  241  241  241  240  239  238  236  237  237  237  239  236  237  237  237  237  236  234  236 
 145  140  142  145  141  145  147  140  135  130  133  141  148  170  197  212  220  224  227  232  231  234  233  235  238  240  240  240  235  231  222  210  184  152  147  149  157  162  171  175  184  186  195  169  106   82  106  126  118  110   96   92  143  132   96   95  117  115  110  123  123  133  124  140  128  156  147  153  148   82   77  102   94  173  215  196   93   63   68  116  107  114  116  121  148  162  171  188  203  182  170  165  176  196  228  155   78   82   82   93   99  103   98  101   98   89   89  123  171  159  157  179  197  203  208  209  214  214  217  216  218  221  223  224  225  227  225  223  224  226  226  228  229  227  229  226  227  230  227  228  227  224  222  222  224  221  218  219  220  221  223  218  216  227  234  232  232  229  229  225  220  219  216  214  212  207  205  178   99   88   88   90   86   84   99  104  112  146  127  129  128  110  116   93   91  103  188  211  185  184  145  107  128  194  206  207  211  203  209  208  206  205  205  202  204  204  203  200  198  202  196  193  197  197  197  199  196  196  193  193  194  191  189  191  183  180  181  199  222  235  242  241  240  241  241  241  241  240  241  240  238  238  238  236  238  238  238  238  237  236  237  235  236  236  234  236 
 145  142  142  137  143  148  145  142  134  131  129  140  151  171  197  213  223  225  229  232  230  235  235  236  240  238  242  241  238  231  224  211  183  150  144  148  158  161  168  176  180  187  204  197  120   84  101  126  111  111  104  138  141  101   82   91  116  112  104  126  135  132  137  137  114  138  155  153  156  117   85  103  102  145  188  170  109   76   94   96   78  118  155  161  165  174  192  212  195  158  161  175  188  220  187   90   85   90   90   96   98  102  104  102   99   92   94  121  168  161  159  176  192  202  205  212  214  215  217  217  219  222  222  223  224  226  225  223  224  224  225  227  228  228  228  229  229  230  227  227  227  225  224  224  222  221  222  221  223  226  230  228  223  231  234  232  231  228  229  224  220  218  215  213  209  204  196  144   89   91   88   88   84   87   96  114  111  152  121  133  122  110  120   96   91   92  171  212  184  184  144  126  152  195  209  210  210  205  210  209  204  204  204  203  203  204  204  203  200  200  201  195  197  196  196  197  199  197  198  190  191  191  192  187  181  182  184  206  225  237  241  241  239  241  240  240  241  240  241  240  237  239  239  237  238  240  238  239  237  237  238  236  237  236  237  238 
 141  140  136  139  143  144  138  141  133  126  125  138  152  177  198  210  221  225  229  232  233  234  236  238  239  240  242  240  234  233  223  208  181  151  141  144  153  163  168  172  181  197  209  180  122   93  106  126  110  127  141  149  106   93   84   89  108  112  102  112  127  120  137  138  123  124  156  135  156  142  109  112  131  131  155  145  110  108  106   71   84  123  182  181  189  205  210  209  158  157  154  188  210  202  107   86   89   95   96   98  100  103  112  105  101   96   92  119  162  162  164  180  190  202  206  212  212  215  216  218  219  222  225  224  225  225  226  223  223  225  225  228  228  226  227  228  227  228  228  226  224  223  223  221  223  221  221  222  225  231  234  230  225  231  234  232  232  231  227  223  220  219  217  215  211  204  183  102   89   87   86   89   87   88  106  115  116  152  119  131  122  112  117  102   92   90  160  210  188  189  138  140  173  202  209  207  204  207  209  207  205  204  202  202  201  198  202  203  196  199  200  199  198  195  195  197  198  195  196  194  192  190  192  189  182  181  186  210  227  238  241  241  240  240  240  238  242  241  241  239  238  239  239  237  239  238  238  238  236  237  237  236  237  237  235  238 
 137  136  138  138  139  142  142  139  132  123  127  137  149  176  200  211  221  225  229  232  234  234  236  237  239  240  241  239  235  232  223  206  183  151  144  148  153  164  172  176  190  207  183  160  123  104  110  118  132  155  133  108   97   87   89   89  111  109  108  106  115  110  132  127  124  113  147  132  162  151  119  116  147  139  134  131   93   90  103   76  112  179  196  198  205  208  212  186  153  158  157  181  211  118   85   89   91   92   97   99   99  104  118  109   98   96   92  109  161  162  167  177  194  200  209  212  213  216  217  218  218  221  222  223  224  223  224  222  222  227  225  228  228  226  227  226  224  228  226  225  223  221  222  221  220  221  222  223  226  230  237  235  229  231  235  235  234  232  227  223  217  215  218  215  211  202  145   89   89   88   86   87   85   88  113  111  124  147  123  132  125  120  119  100   86   87  145  204  192  187  140  157  181  208  212  210  205  209  208  206  204  202  203  202  200  200  198  199  198  199  196  195  194  194  194  192  193  194  194  194  190  192  190  190  185  182  191  213  231  238  241  241  240  241  240  240  242  241  240  241  239  239  239  238  240  238  237  237  236  238  238  236  237  238  237  237 
 137  136  139  140  134  136  142  135  133  127  126  139  151  174  200  209  221  225  230  234  233  234  235  236  238  240  241  240  236  230  223  209  184  152  139  144  155  163  168  183  202  182  177  165  113  112  113  130  158  143   85   90  107   91   97   91  111  100  118  104  119  111  124  139  102  116  136  150  158  152  130  109  168  139  103  109   90   78  112  135  157  188  197  200  210  216  209  164  167  156  164  200  145   78   85   90  105   92   97  101   98  105  125  111   95  102   89  111  156  157  165  173  192  200  206  212  215  217  218  217  220  223  225  224  226  225  226  223  223  225  222  225  226  226  226  225  225  228  224  227  223  219  221  219  218  220  222  224  229  233  238  234  229  230  235  236  234  231  227  221  214  216  214  212  208  184  105   87   89   91   90   92   85   94  117  111  133  145  126  130  124  124  111  101   88   86  136  201  188  185  142  168  189  211  212  211  207  208  208  205  204  202  200  201  202  199  201  198  195  199  197  196  195  193  193  194  192  195  194  191  192  190  191  189  185  181  193  216  232  239  242  242  242  241  241  240  241  242  241  240  240  240  240  237  240  237  236  237  236  237  235  236  237  237  236  237 
 137  135  136  135  135  133  137  133  129  125  128  139  146  171  194  207  219  223  229  233  231  234  235  236  236  238  241  241  237  231  223  209  187  152  140  148  154  163  170  192  181  176  192  161  109  113  133  146  151  120   83   97  100  112  105   98  109   93  125  109  103  111  113  138   99  110  137  155  144  147  156  138  201  116   97   85  111  121  144  158  160  171  193  203  211  214  176  156  154  159  187  174   85   81   96  101  110  102   95  107   99  109  125  121  100   99   92  106  152  157  165  162  184  197  205  213  216  218  219  217  220  223  222  223  226  227  226  223  224  225  224  226  225  225  226  224  224  225  224  225  224  220  221  221  219  219  222  226  228  233  240  236  230  230  235  236  234  231  227  219  214  216  211  209  202  155   88   89   87   89   88   90   88   98  115  106  137  142  128  130  113  121  112  100   90   83  136  198  196  179  146  181  200  210  210  207  205  205  204  206  202  203  202  203  203  201  201  201  197  198  196  197  195  194  197  193  194  192  194  195  193  193  187  179  179  180  194  218  235  241  241  242  241  242  241  241  243  241  241  241  239  239  239  238  239  237  235  236  236  237  239  237  238  236  236  237 
 133  132  133  132  134  135  132  129  127  122  131  139  145  165  192  206  216  223  229  232  232  235  234  236  237  236  241  241  237  232  223  212  184  147  140  146  153  165  187  188  170  184  190  155  107  129  131  134  139  106   94   96   96  112  101  107  104  104  115  120  100  104  105  124  122   91   96  140  158  141  155  176  178   82   84   88  124  173  166  156  160  182  200  205  214  189  156  155  158  181  195   87   77   82  110  127  100   98   93  109  102  109  123  125  111   98   92  103  155  155  164  158  181  195  206  212  216  216  218  218  219  222  224  224  224  225  227  227  224  223  224  224  223  223  224  222  224  222  221  222  222  219  221  219  219  222  221  225  229  232  237  235  229  233  237  238  236  232  227  216  213  214  210  211  194  108   85   88   88   97   89   88   88  101  109  119  133  137  127  129  115  117  118   97   89   85  125  190  203  183  151  182  202  209  209  204  205  206  206  207  205  205  204  204  201  199  198  199  195  198  196  197  198  200  196  195  192  192  193  195  196  192  186  187  178  179  198  221  234  241  242  243  241  243  243  241  242  241  239  241  240  240  239  238  238  236  237  236  236  237  238  237  238  238  237  237 
 131  123  123  127  129  130  132  129  129  126  131  136  145  165  193  206  218  223  229  232  232  234  235  237  238  238  240  239  236  231  223  211  186  147  142  146  153  180  191  164  177  186  185  147  111  114   93  136  131   94   98   95  109   99   95  110  103  123  119  125  116  103  110  112  124  121   89  104  148  147  149  161  111   64   72  125  181  203  203  191  183  200  218  216  203  156  164  160  177  198  119   79   79   82  132  149  100   97   90  108  101  107  119  135  113   98   95  104  148  152  162  155  178  192  203  213  214  218  220  217  219  223  222  225  222  225  225  224  222  221  222  224  222  220  221  220  220  222  218  220  218  217  221  220  220  224  224  227  230  229  234  232  236  237  234  232  233  229  225  210  206  209  211  207  161   90   85   85   91   97   87   90   95   98  117  122  134  137  125  135  128  120  128  100   84   87  109  187  207  178  162  188  205  211  210  203  206  207  207  205  204  203  202  203  202  198  198  198  198  199  196  195  198  195  194  198  194  196  195  194  194  192  188  187  180  179  200  221  235  240  242  243  241  241  241  242  242  242  241  241  239  239  239  236  238  237  236  238  237  237  238  236  238  238  238  237 
 128  120  119  123  126  130  130  130  129  125  131  139  146  166  195  208  218  224  228  232  233  234  235  235  238  239  240  241  236  233  223  212  186  149  137  145  165  194  167  167  175  184  188  140  101   90   95  137  146  100   98   94  102  101   90   99  103  112  137  128  133  121  117  111  105  135  118   93  104  124  141  152  145   83   77  167  165  172  208  225  222  231  226  210  160  166  156  170  199  161   78   81   82   86  132  151   94   98   89  109  108  112  127  124  119   96   97  107  150  144  156  149  169  188  201  211  215  219  220  218  218  221  223  222  224  225  225  224  223  223  223  225  220  218  217  217  218  217  218  217  218  218  220  220  221  223  221  220  220  220  227  226  227  229  227  227  226  222  208  190  198  210  209  198  114   88   87   88   93   91   94   93   99  100  120  111  130  137  132  137  129  117  125  103   84   89  103  186  204  172  173  198  209  213  212  205  207  206  207  206  203  203  202  200  199  195  200  196  196  199  194  196  196  194  192  194  189  191  195  196  193  189  188  184  180  177  201  222  237  240  241  242  241  242  242  241  241  241  240  242  240  241  240  237  239  238  236  238  236  237  237  236  237  238  237  239 
 115  113  118  116  118  122  129  130  126  125  130  138  145  161  192  211  218  223  228  234  234  233  235  238  240  240  240  239  236  231  224  212  182  143  137  155  185  176  160  169  177  194  195  137   94   90  114   97  124  108   98   96  106  101   94   84   95  114  146  130  138  134  121  112  103  107  139  122  106  126  127  142  134  138  151  213  172  160  204  222  233  232  213  168  169  163  161  187  196   90   79   82   91   86  107  136   94   93   97  102  106  117  119  123  132   94   93  103  154  141  152  146  160  186  197  207  214  218  218  218  218  220  221  222  223  223  226  226  225  225  226  223  215  183  174  192  202  208  212  214  213  212  213  213  210  211  209  208  207  206  221  222  222  217  191  180  197  193  181  183  205  217  207  166   92   86   88   90  100   88   91   90  101  101  129  107  135  130  127  141  123  107  122  111   84   91   99  176  205  171  185  203  211  214  211  202  206  205  205  204  202  203  203  198  200  198  199  194  198  194  196  194  198  194  195  190  192  192  194  195  194  191  189  180  176  180  204  225  239  242  243  243  242  242  242  241  242  240  240  241  240  240  240  239  238  239  237  238  236  237  238  238  238  237  238  238 
 112  112  115  117  117  124  129  127  125  127  133  142  148  167  194  209  218  223  229  234  235  235  236  238  239  239  238  239  236  231  223  209  180  147  144  184  189  161  162  169  194  208  191  131   97  111  124   86   92   98  103   97  107  108  100   89   93  119  150  145  138  130  139  125  115   97  110  143  143  128  101  120  110  120  181  179  175  200  220  221  233  222  180  155  171  161  178  207  133   79   90   94   98   83   99  127  107   93   99   98  104  114  113  124  135   99   90  101  148  131  149  144  149  180  194  204  211  212  217  217  216  218  218  220  225  224  226  225  225  227  226  223  209  177  173  167  165  173  178  188  193  195  201  193  187  183  172  175  183  195  212  215  213  200  182  177  186  199  197  201  214  213  199  117   86   85   88   95  101   90   89   98  102  115  122  108  138  127  129  138  122  101  127  122   91   93   93  163  201  179  196  207  212  215  214  204  208  203  205  203  202  203  202  202  202  199  199  195  196  194  191  192  196  195  195  192  189  195  192  195  197  187  184  181  173  184  209  227  239  241  243  244  241  243  242  241  241  241  240  240  239  240  239  237  240  238  237  237  237  238  238  237  239  239  238  239 
 108  108  112  113  118  124  127  125  126  128  132  142  149  175  195  208  220  225  229  235  235  236  238  238  240  240  240  238  235  230  221  207  179  152  175  195  162  157  163  177  205  199  174  125   97  117  104   90   82  100  103   98  107  102  105  104   94  118  152  150  131  128  133  135  139  127  118  132  158  132  101  105   92  130  182  206  218  221  228  236  229  211  162  166  156  179  205  170   83   88   96   98   94   84   96  114  115   92   97  106  107  111  109  118  131  105   96  100  146  131  145  141  147  175  188  202  210  212  212  214  216  216  217  219  224  221  224  223  225  225  225  223  217  212  213  207  200  197  195  201  208  209  212  211  207  208  204  202  204  209  218  223  218  221  218  212  209  212  209  217  220  211  164   89   85   82   92   96   93   85   87  101  103  123  111  114  140  130  130  140  122  103  123  128   91   91   92  153  207  184  204  211  213  216  209  205  209  207  207  206  202  203  202  200  202  200  200  194  196  193  193  193  193  193  193  191  190  196  193  193  192  187  184  180  176  184  213  230  240  243  243  243  242  242  240  240  241  241  240  240  240  241  239  238  239  238  238  239  238  238  239  238  239  240  239  239 
 103  106  111  113  117  121  125  124  124  122  133  141  149  172  194  211  221  225  230  233  234  237  236  237  239  240  240  238  234  229  220  204  179  181  199  165  147  154  168  191  199  182  167  130  105  106  115   93   94   87   93   86  110  103  100  115   89  117  166  152  109  122  128  126  133  137  129  129  109  122  126  108  126  164  220  229  220  211  219  238  219  179  160  168  178  208  200   95   80   94   99   99   90   85   96  111  113   94   96  106  113  111  112  113  127  108   93  100  139  122  138  138  146  167  182  198  206  206  212  212  213  213  214  216  222  219  222  222  222  224  224  225  225  222  221  218  219  222  221  224  225  227  228  226  229  232  229  229  229  231  235  235  235  235  231  222  218  210  217  220  213  194  109   85   87   86   98  101   91   88   89  103  104  121  105  118  138  128  133  144  125  104  122  132   95   95   91  145  202  191  207  213  215  216  209  203  208  201  203  203  202  202  202  200  200  201  203  196  195  195  193  194  192  193  195  192  193  196  193  194  194  189  184  179  175  186  214  231  242  243  243  242  241  242  242  240  241  240  240  240  239  237  239  237  238  238  237  239  238  238  239  237  238  240  239  240 
 105  104  111  114  117  121  126  127  121  123  137  140  153  171  193  208  221  225  229  234  234  236  236  237  237  239  238  238  232  227  217  201  194  198  162  141  150  154  173  201  180  181  165  138  109  102  137  107   94   78   87   83  117  111   98  126   85  119  173  146  100  100  123  133  138  128  122  123   91  104  143  130  146  165  212  228  218  202  205  226  193  164  172  193  218  213  131   83   90   93   98   97   90   87   91  103  109  107   93   98  112  107  115  115  126  115   93  103  132  123  141  136  135  151  172  191  201  204  207  208  211  210  212  214  218  219  220  220  224  224  225  227  229  225  221  218  217  220  222  224  224  225  229  229  231  234  233  237  237  235  239  239  239  237  229  219  212  213  220  216  200  144   88   87   84   89  100  103   88   86   95  105  107  101  106  125  145  131  139  142  118  110  125  136   97   95   93  144  203  197  207  212  215  215  208  204  204  204  204  205  198  201  202  203  204  202  200  198  197  195  196  195  194  193  196  189  194  195  193  194  189  186  182  178  173  190  216  234  243  244  244  243  241  241  241  240  241  240  240  240  238  240  240  239  241  238  239  239  238  238  238  238  239  239  240  240 
 103  106  107  114  114  120  121  123  118  118  135  146  154  171  192  209  222  223  228  232  233  235  235  236  239  238  239  238  233  225  205  193  195  160  138  139  145  156  185  196  171  177  150  118  123  115  154  112   83   82   84   94  130  109  102  119  101  128  171  148  109   93  117  116  123  143  132  121  110  103  128  128  157  170  200  225  212  201  212  207  152  176  198  227  215  157   86   87   88   95   98   99   95   90   94   94  107  106   95   96  106  112  113  115  124  119   96   99  123  122  141  136  126  144  173  186  196  200  205  202  206  208  208  213  215  216  217  217  218  224  226  228  227  225  223  221  216  215  216  218  222  225  229  231  233  235  234  237  237  235  237  237  236  231  220  216  213  219  220  210  185  100   85   85   86   89  103   99   88   87   95  103  118   97  103  127  150  132  144  137  121  119  120  139  102   95   92  137  201  201  207  215  214  215  209  203  205  204  205  204  201  204  202  199  201  200  199  200  196  195  196  198  196  194  191  192  194  194  192  194  190  186  185  178  173  189  218  236  244  245  245  244  242  241  242  241  242  242  241  240  239  240  240  240  241  239  239  239  239  239  239  238  239  240  238  241 
 109  103  108  109  117  119  118  118  115  119  134  147  152  168  193  210  219  226  229  231  233  235  237  237  238  237  238  235  231  229  223  205  176  142  132  141  148  172  200  180  173  175  140  101  108  132  148  102   90   89   82   99  129  103  129  107  116  151  161  140  144   96  113  122   95  120  148  135  138  126  138  134  166  196  188  215  200  213  229  180  174  207  229  232  172   89   89   90   91   96  100  102   98   90   94   97  100  102  102   98  101  115  108  110  121  119   98   99  125  132  140  131  122  135  160  179  186  194  199  201  202  207  206  210  213  212  216  215  218  222  222  224  226  226  224  220  218  219  215  213  213  218  224  225  228  232  232  233  235  234  235  233  230  225  215  212  218  217  209  200  141   88   88   86   83   90  100   94   96   92  103  102  113   99  107  137  145  125  140  137  128  125  114  141  100   98   94  135  202  206  212  216  215  215  204  203  204  202  205  202  200  200  202  201  203  202  201  198  196  195  195  196  196  194  192  193  190  189  191  193  193  186  178  175  171  188  220  238  246  245  245  245  242  242  242  241  242  242  242  242  239  241  241  240  241  241  240  240  238  238  237  238  239  239  238  240 
 101   99  106  109  107  115  117  113  114  119  138  152  152  165  193  209  220  224  228  232  235  235  238  237  240  239  239  236  232  225  218  203  172  144  136  143  156  193  190  164  176  174  131   98   95  149  146   87   88   89   82  119  120   88  118  118  118  167  149  123  148  127  124  139  110  101  117  152  140  145  153  144  151  206  193  199  196  205  214  187  206  228  236  192  109   86   93   87   91   94  103   99   98   91   95   98   99   95  100  103  101  105  117  109  118  121  103   99  117  130  129  127  120  133  151  172  184  187  193  199  200  201  204  207  211  214  214  217  219  220  218  221  223  226  223  220  220  220  217  216  213  212  216  216  219  225  225  225  229  227  227  225  220  215  216  217  218  213  203  166  119   84   88   86   88   95   97   95  104   95  104  106  112  101  109  136  138  129  140  135  132  121  120  146  105  100   95  129  199  207  208  215  216  211  205  202  203  200  204  204  200  200  203  202  204  199  199  199  197  195  194  192  195  191  189  190  188  185  187  188  189  181  178  176  167  189  221  238  244  244  245  246  242  242  242  242  242  241  241  243  241  240  241  240  240  240  239  239  238  238  238  236  238  237  238  238 
 101   99  102  102  105  114  111  110  110  119  141  157  152  163  192  210  218  221  228  232  234  236  236  237  239  239  240  239  233  227  220  204  174  145  129  133  169  196  165  168  175  159  108   98  111  157  139   81   93   82   82  127  106   88   91  119  126  177  155  111  124  149  135  145  119  102   97  121  149  147  140  166  124  173  178  182  193  197  222  219  235  236  216  118   88   88   91   92   96   99  103  105   97   89   96  103   96   95   96  113  111  104  116  110  116  120  107   97  110  129  123  134  115  123  140  161  176  184  189  189  193  199  201  205  207  213  215  215  217  217  218  220  221  223  223  221  220  219  218  219  219  214  213  206  207  209  210  211  210  209  208  210  212  220  218  219  218  207  181  133  105   85   83   81   87   94   93  104  101  109   99  104  103  105  109  148  139  138  139  135  133  119  120  144  113   99   96  128  200  209  209  217  216  210  202  201  202  199  200  204  200  201  201  200  203  200  201  203  201  196  193  192  193  192  193  192  187  189  188  185  187  181  177  170  166  186  217  238  245  246  245  246  243  242  242  240  242  242  242  243  241  242  242  240  241  237  238  238  237  238  238  236  238  238  238  239 
  96   98  101  106  104  104  105  102  107  121  148  158  153  165  190  208  217  220  226  233  234  236  236  240  240  241  240  239  232  229  223  205  177  143  129  140  174  186  160  170  163  123   91   94  121  157  128   88   87   78   91  128  103   92   78   96  143  177  157  130  103  153  143  145  128  113  114  126  144  153  150  150  124  152  149  169  190  212  219  218  230  228  131   85   86   90   91   91   94  100  106  108  100   87   93  106   93   98   96  101  108  113  106  107  111  114  108  100  106  124  117  133  115  118  139  157  164  177  186  184  190  190  200  203  208  212  214  215  216  216  217  221  219  220  219  218  216  219  217  217  217  215  215  215  213  207  204  206  209  212  216  219  222  220  217  216  214  196  127  133   98   86   85   84   89   96   99   99  107  108  100  100  106  105  107  149  140  139  139  142  128  120  122  141  115  111  102  122  195  212  211  217  213  206  204  202  203  202  199  204  200  203  203  199  204  202  202  204  199  198  196  191  193  192  189  190  187  189  186  186  188  181  176  170  163  179  219  240  246  245  245  246  243  242  243  241  243  242  242  243  243  242  241  239  240  237  237  238  238  239  239  238  239  240  240  242 
  98   96  102  103  101  105  104  102  106  131  159  166  162  172  194  207  213  220  226  232  234  235  238  236  240  240  239  238  234  229  224  210  180  143  130  140  174  181  164  164  141  121  105   98  116  144  103   92   85   71   96  120   93  102   86   81  152  171  149  153  116  131  154  149  136  130  144  129  115  143  158  140  103  150  151  151  167  213  219  237  241  161   86   86   88   90   90   90   93  104  103  107  100   90   94  104   98  102   94   98  102  107  108  108  112  116  114  103  100  119  111  128  116  108  130  147  158  165  173  184  187  190  198  203  207  213  213  214  216  217  218  219  219  219  221  217  217  218  217  217  217  216  221  222  221  223  221  222  226  226  227  225  218  221  217  216  209  171   99  128   94   87   82   84   88   95   95  103  103  105   96  101  100  103  105  151  142  141  142  140  129  122  123  141  118  107  102  115  193  211  213  216  211  204  202  201  204  201  202  201  198  199  201  201  202  201  204  200  197  195  193  192  193  192  188  188  187  185  183  185  183  180  173  168  165  177  218  240  245  245  245  245  244  243  242  242  243  241  243  244  241  241  240  239  238  238  239  240  239  240  240  239  240  241  241  242 
  98   98  100  101   98  101  100   97  105  142  169  170  167  178  196  206  214  220  226  232  234  235  235  235  237  239  240  238  232  228  222  208  185  146  133  138  164  180  171  157  139  129  108  126  117  124   93   91   80   76  103  121   87  104   93   89  141  170  145  131  151  124  161  149  136  138  138  104  117  135  168  167  110  142  141  161  182  224  238  245  193  108   83   83   88   92   91   91   93  103  108  104  102   84   92  104   97   99   99   92   97  104  109  108  111  115  113  103   96  110  114  116  119  103  118  136  142  162  167  177  184  190  195  199  205  213  216  212  216  215  216  218  217  218  219  218  218  222  220  220  220  219  224  224  225  230  230  230  229  229  228  224  223  219  216  215  200  121   97  132   88   82   84   89   88   93   94  109  103  110   96  107   97  100  110  155  143  136  140  141  138  128  131  141  124  102  111  112  195  215  215  216  208  201  203  202  202  202  201  203  196  195  197  196  199  197  198  198  196  197  191  192  192  191  190  190  186  185  183  182  181  176  168  165  159  171  219  240  245  245  245  245  243  243  243  243  244  242  242  243  241  240  240  239  240  240  240  242  241  241  242  240  242  242  241  242 
  97   93   94  100   99   99   97   97  114  152  170  167  168  179  197  208  214  219  228  233  235  235  238  236  238  240  240  238  235  228  223  209  184  151  136  136  148  168  172  161  133  118  115  140  127  118   96   85   76   77  114  120   80   95  101   90  124  155  129  127  138  136  142  155  140  139  127  117  111  115  155  192  190  160  113  146  164  210  233  191  104   92   85   89   90   96   93   93   96  101  107  109  100   87   96  106   95  102  107   93   92   95  106  105  110  115  115  105   98  108  117  110  123  104  112  133  128  141  152  166  173  180  190  196  204  211  213  213  215  214  215  217  216  218  219  217  218  223  223  224  225  221  227  228  229  231  232  233  229  229  225  223  221  219  216  211  174   92   97  118   85   86   86   86   85   98  104  108  115  101  102  106   96  103  111  159  144  138  144  138  133  127  135  142  123  111  109  111  194  213  213  217  204  202  202  202  204  201  201  201  196  200  199  194  198  198  194  196  195  197  193  193  194  189  186  184  184  184  184  180  180  177  169  163  162  174  221  239  246  245  245  246  244  243  243  243  243  242  241  243  242  241  241  241  242  242  241  240  240  241  241  240  242  242  241  244 
  94   96   98   97   99   98   95   95  115  148  168  172  165  180  201  209  214  221  225  232  233  234  233  234  236  237  239  237  233  230  222  208  182  151  133  142  153  161  157  161  134  118  117  127  136  114   96   88   78   77  117  119   80   89  102  106  125  151  128  117  131  142  137  149  145  145  140  133  110  107  160  176  210  177  114  129  153  182  208  116   88  102   85   89   91   91   92   89   94  105  111  110   96   88   98  110   95   98  107   99   93   96  101  109  107  110  114  108  102  103  115  111  115  107  109  135  127  114  131  158  160  173  181  186  197  204  212  216  215  215  214  217  219  218  220  217  220  222  224  227  227  225  226  230  228  231  232  230  231  229  227  222  221  220  218  207  139   88  107  119   84   84   87   83   97   98  109  104  111   96  113  111   98  108  120  160  147  139  146  143  128  128  136  140  118  125  106  113  194  212  213  215  201  198  199  205  204  200  200  201  196  199  197  196  199  196  197  200  194  194  195  194  189  189  186  183  181  182  181  178  179  174  168  163  158  178  224  242  246  245  246  246  245  243  242  242  242  241  242  243  242  242  243  242  242  242  241  242  240  241  241  239  241  242  240  243 
  95   92   93   96   95   93   92   92  116  151  166  172  168  175  197  208  215  222  226  232  233  234  236  235  237  237  239  238  235  231  221  207  180  148  130  141  150  162  150  156  118  106  110  104  143  108   90   96   85   78  114  115   81   93   92  114  132  142  130   96   98  105  136  143  153  150  143  144  129  112  158  163  193  198  136  109  149  162  198  105  119   95   84   90   92   94   91   94   96  111  111  110   97   88   99  108   93   92  102  102   89   95   96  102  107  112  107  113  106  103  113  108  116  115  103  128  131  111  111  127  142  158  166  178  188  199  205  211  211  213  213  216  216  217  220  219  220  224  225  226  229  228  230  230  231  231  229  228  232  228  230  222  219  219  214  197  106   87  117  103   83   89   90   85   94   96  110  107  109   94  115  101  101  105  121  159  149  141  146  137  131  133  133  136  117  132   98  107  193  215  214  214  200  200  202  202  202  200  199  197  196  197  196  195  194  192  192  195  194  198  193  193  193  191  187  183  181  182  180  178  179  174  169  160  159  185  230  241  246  245  245  246  244  243  243  241  243  241  242  243  243  244  243  241  241  242  240  241  241  241  241  240  242  241  241  240 
  93   93   96   98   91   91   95   96  115  145  154  160  162  182  200  210  215  222  226  232  235  234  234  235  237  237  238  238  235  232  224  210  180  145  133  138  146  159  161  127  106  103   98   98  151  106   89   96   87   84  107  115   82   93   86  106  143  148  133  102   90   93  108  132  150  150  133  148  146  132  148  170  186  194  175  140  132  133  108  103  121   84   87   93  108   94   90   91   96  112  114  113   96   89   99  112   94   95   96  110   95   94  100   96  107  109  110  108  107  107  111  108  114  115  103  122  130  114  100  103  116  133  153  169  175  193  201  205  208  211  210  216  216  219  221  218  216  222  225  227  230  228  229  229  231  230  228  230  232  230  229  221  216  215  209  179   97   92  118   93   87   94   86   88   94   94  110  113  102   95  105  100   97  108  119  158  148  140  146  135  133  139  134  135  118  134  112  105  194  216  215  214  200  197  201  202  202  200  199  198  194  193  195  196  190  193  192  191  190  190  193  193  188  185  182  185  181  181  181  178  175  169  166  161  159  189  233  244  246  244  245  247  243  243  243  242  243  242  243  243  241  243  243  241  241  241  240  242  240  240  242  240  243  240  236  234 
  94   92   96   96   91   92   89   91  109  130  151  160  169  185  203  212  217  223  229  230  232  234  235  236  236  238  238  237  236  233  225  207  178  145  128  135  146  160  163   99   94   97   88  100  148  127   86   99  104   86  111  107   82   90   83   83  141  156  146  116   89  107  108  123  135  139  146  151  150  133  140  155  180  179  147  149  134  146   94  110   91   88   85   92   97   92   89   88   97  113  115  117   94   85  100  119   94   95   95  105   96   91   99   93   98  107  110  103  108   99  108  109  112  116  102  114  126  132  104   97   97  115  130  146  161  178  194  199  204  205  207  212  214  215  219  220  219  220  221  224  227  225  229  229  230  231  230  229  231  228  226  220  215  215  198  169   89   91  115   90   87   94   88   88   92   94  111  116   99  102  101  104  105  107  132  161  147  141  147  132  131  142  137  140  120  136  106  103  200  214  216  214  198  197  196  196  200  197  196  194  193  192  196  197  193  191  189  193  194  192  189  191  184  187  183  180  177  178  182  177  173  168  167  159  163  200  237  243  246  245  246  246  244  243  243  242  243  244  243  244  241  244  243  242  241  242  241  242  240  239  237  235  233  228  215  195 
  97   92   93   92   91   89   89   92  101  121  147  158  169  185  203  210  217  224  229  232  234  234  235  234  237  238  240  239  238  231  224  208  172  136  120  123  141  165  128   98   92   87  105  117  128  129   89   99  108  100  111  103   82   85   84   74  126  159  146  135   94  115  111  123  135  128  142  138  155  152  152  142  160  184  190  119  121  142  138   90   82   84   84   89   92   92   91   89  100  113  119  126   98   86   99  118   92   93   99  103  101   91   97   97   96  101  108  106  109  107  104  110  109  110  103  111  130  134  121  106  101  102  109  124  140  155  171  173  178  191  197  199  199  200  211  213  219  220  221  222  225  223  228  230  230  231  228  226  228  224  223  219  213  208  197  168   90   92  106   89   90   91   87   91   95   95  114  114   98  108   96  102  103  103  131  157  146  145  141  138  133  143  140  143  126  138  109  108  195  216  215  210  195  188  183  187  194  192  195  194  194  193  190  191  192  194  193  193  191  194  191  188  189  181  184  181  176  180  177  179  174  168  165  158  164  211  238  245  246  245  245  246  244  244  244  242  243  244  244  245  244  244  243  241  242  244  243  242  239  234  227  217  195  162  127  104 
  88   90   90   93   94   88   86   89   96  112  141  158  165  178  198  209  217  223  227  233  232  233  232  234  237  238  238  239  235  232  222  205  173  131  105  131  172  166  136  146   86   78  111  139  111  117  102  103  101  107  107   99   84   84   88   75  107  161  151  140  103  109  113  102  127  143  141  123  134  153  132  145  155  174  190  154  162  164  167  104   75   78   83   88   89   91   94   91  109  122  127  121   88   88  102  120   95   93   95  103  105   94   95   99   91   96  102  103  111  109  106  113  114  114  105  108  126  130  136  124  117  112  109  119  123  129  133  132  139  150  161  168  169  182  192  202  207  212  211  218  222  221  225  227  228  228  225  222  222  222  219  212  208  202  201  150   88   90   94   88   92   89   88   95   97   93  110  107   99  105   98   96  103  110  132  160  147  145  141  138  132  142  145  142  129  138  110  116  200  214  214  206  184  180  176  184  188  187  187  191  190  190  187  189  192  193  193  193  192  191  189  189  190  182  182  183  180  176  176  175  173  166  161  159  172  221  240  245  247  246  245  246  243  245  245  244  244  245  244  245  244  243  244  241  242  239  237  234  226  209  178  136  105   93   88   84 
  89   91   95   92   90   88   87   85   93  113  133  154  155  163  192  209  218  223  227  232  233  232  233  236  235  234  239  240  234  227  217  200  164  121  133  185  211  165  160  176   85   79   99  126  113  101  108  104   97  112   93   92   87   83   87   76   97  160  156  159  131  128  122   97  112  148  146  127  112  133  124  143  159  174  161  160  173  183  176  149   87   80   82   85   88   90   90   91  108  134  129  120   89   83  101  123   94   96   91   95  104   94   96  100   93   99   99  101  109  113  111  112  113  115  110  104  112  130  147  139  126  122  126  138  141  142  148  159  167  174  174  177  179  190  196  204  209  214  212  217  220  221  223  225  226  226  224  224  224  220  213  199  198  202  189  135   88   91   90   92   88   89   88   97   93   93  111  106  101   99   97   94  100  113  128  156  147  144  144  136  132  136  143  141  124  138  119  119  204  215  215  200  175  174  170  172  180  181  180  186  183  188  182  183  187  190  191  193  188  190  188  184  187  185  183  179  177  175  173  170  169  164  158  160  185  227  242  245  246  246  245  246  244  244  244  244  244  245  244  246  245  244  243  237  237  230  222  206  170  128   99   89   83   85   89   93 
  93   95   96   93   87   85   87   84   89  112  134  151  152  157  187  206  217  223  228  230  232  234  233  233  235  234  237  237  234  228  217  194  161  152  195  220  150  123  154  159   84   77   84  125  117   97  106  106  102  108   91   95   83   83   84   78   97  153  150  164  151  116  120  102   96  126  151  122  109  138  143  115  151  167  160  137  113  147  166  174  146  104   77   77   81   85   89   90  108  138  132  117   84   82  104  116   94   94   93   94  101   99   92   97   99   94  101   96  103  109  105  104  111  108  109  103  105  127  137  144  143  152  164  181  182  189  198  204  209  208  209  208  206  204  201  206  210  215  216  220  220  221  222  223  222  223  221  224  225  222  219  215  213  216  195  163  123  101   87   88   90   90   88   91   93   94  107  104  100   95   93   96   96  116  123  155  150  142  146  137  133  136  145  141  125  130  123  126  207  215  213  193  166  171  165  168  175  175  179  175  174  181  177  177  182  182  181  184  190  195  189  187  186  185  184  180  176  174  173  169  167  160  157  160  198  234  244  246  247  245  246  245  243  240  243  243  245  245  243  245  245  242  237  230  225  209  182  139  100   88   84   79   82   96  109  112 
 101  101  101  102   91   87   84   82   87  110  129  142  140  145  181  203  216  221  227  230  232  234  234  234  234  233  238  238  232  226  213  189  176  207  226  144  136  114  157  139   88   84   80  124  122  110  105  107  115   95   94  113   86   87   87   86  117  152  145  146  158  132  117  106   90   98  119  119  131  157  147  117  124  158  168  154  120   97  117  180  190  166  102   71   78   83   84   96  110  128  137  114   83   84  111  121   93   93   96   94   98  103   91   97   98   92   97   97   99  103  110  105  117  106  102  102   99  116  134  146  147  165  182  186  196  202  208  207  211  212  212  211  211  209  205  211  214  214  219  219  221  218  221  219  218  219  218  219  221  220  224  227  229  231  233  225  207  178  135  105   82   87   85   88   90   93  102  101   96   88   88  105   96  115  123  150  148  136  145  140  133  140  142  146  135  134  121  135  211  212  213  184  168  179  173  168  169  168  175  173  173  171  170  171  169  174  174  174  178  182  184  186  185  182  179  180  176  177  173  168  165  162  156  163  211  239  246  247  246  245  245  246  244  242  244  242  244  242  244  244  242  237  231  222  210  180  138  102   86   83   80   90  100  119  130  127 
 105  105  108  100   99   94   89   85   85  108  122  134  133  141  175  203  214  219  229  232  231  233  234  233  234  235  235  237  232  225  213  201  218  219  146  125  117   98  144  106   76   76   77  119  132  112  100  107  110   96   96  126   99   93   91   87  111  146  149  143  153  156  124   94   78   93  130  143  147  159  127  118  124  140  158  148  148  131  100  150  194  181  161   97   76   82   85   98  115  131  142  108   88   88  116  120   93   93   98   93   95  101   95   95   96   95   94   98   97  105  111  107  108  114  101  100  101  108  136  148  159  181  192  201  208  208  208  203  203  207  208  209  208  203  207  211  215  216  218  219  217  217  218  217  216  217  215  217  219  218  223  225  226  231  232  235  236  236  224  192  147  109   88   87   89   93  100   99   93   86   88   93  100  118  130  150  149  134  138  140  134  131  144  142  138  129  119  138  214  214  206  184  168  176  181  172  172  170  172  174  170  172  170  171  163  167  166  166  168  175  173  174  176  175  176  177  172  175  172  169  164  158  156  168  215  242  246  246  247  244  245  246  242  243  243  244  245  245  243  242  238  233  226  215  191  151  111   91   83   87   97  107  124  139  138  135 
 120  116  112  109  103  102   96   86   87  102  123  130  129  136  165  196  212  219  228  230  231  233  232  232  234  234  236  236  231  226  217  223  211  141  119  135  102  124  175   85   75   75   76  110  136  118  100  103  104   94  100  123  126  100   92   91  102  113  145  154  133  146  151  112   96  113  131  152  160  141  104  119  122  124  138  151  125  125  116  131  172  162  168  161   84   79   85  101  115  127  144  104   87   88  106  121  101   92   98   92   90   98  104   96   96   98   98  102   96  101  109  109  106  108  100  104  101  109  136  150  162  182  193  201  207  205  206  204  202  203  206  209  207  208  210  214  214  217  219  219  219  216  217  212  212  214  216  216  220  221  225  226  227  230  230  232  233  233  237  237  226  200  156  114   91   85   93   91   96   85   84   89  100  111  140  149  152  133  135  136  127  133  146  142  131  132  119  148  215  214  202  180  178  185  186  183  178  176  175  175  171  169  167  168  165  162  159  160  160  164  166  167  166  163  168  172  167  169  167  164  163  157  155  167  218  242  246  245  245  245  244  245  244  244  244  243  245  244  240  236  233  227  221  199  159  113   92   89   95  103  114  127  143  145  142  133 
 153  141  130  122  115  105  102   94   96  112  125  122  115  126  150  189  207  217  227  231  232  232  234  234  234  235  236  237  230  227  232  217  163  128  120  126  116  180  154   77   73   73   75   92  127  121   86  100   95   93   96  126  143  114  107  102   98   85  109  155  146  123  143  140  148  151  152  164  154  107  116  114  134  127  125  148  139  109  143  163  184  163  119  170  144   82   84   99  110  125  137   97   82   84  114  125   95   92   98   91   92   94  104   97   95   97   95   99   97   96  108  108  107  112  104  103  101  106  129  146  168  189  194  203  203  205  207  203  201  206  207  209  210  208  214  215  215  217  218  216  218  214  214  213  213  215  215  219  222  224  225  225  226  230  230  232  234  234  235  234  236  238  232  206  164  117   89   82   90   79   78   79   96  112  137  137  153  129  135  133  129  131  146  142  125  126  113  157  216  212  200  181  180  192  186  193  189  184  182  179  177  175  171  166  163  162  164  162  155  154  161  162  163  160  158  156  159  159  160  156  157  151  151  166  219  242  246  246  246  244  243  245  243  244  243  242  244  243  240  235  227  218  190  150  112   90   91  102  110  115  128  139  148  145  145  148 
 162  159  154  143  133  125  118  106  105  122  120  115  110  112  136  172  203  218  226  232  232  232  233  235  233  232  233  233  234  230  224  198  164  135  127  152  166  175  104   76   81   79   77   88  103  128  110  119   77   83   94  114  146  124  115  105  114   74   78  135  156  143  115   97  116  131  145  159  116  111  120  130  119  136  136  133  138  133  148  178  196  149  124  117  170  111   86  102  109  127  138   96   82   86  120  129   94   94   98   92   92   90  106  101   96   96   93   94   96   99  108  111  105  114  106  106  103  101  125  140  162  187  195  192  198  207  206  203  204  206  203  208  212  208  212  214  216  219  216  216  215  214  216  212  214  216  218  218  222  224  226  228  229  231  231  232  233  234  234  235  237  237  239  241  237  204  160  102   81   75   74   76   95  110  134  135  152  127  135  136  131  130  143  135  127  122  114  165  217  210  199  186  186  190  186  193  196  186  189  182  179  179  173  171  169  166  161  162  158  159  156  152  156  153  149  149  150  154  159  158  150  143  141  158  216  239  245  246  246  244  245  245  243  244  243  243  246  243  238  229  218  185  131   96   94   99  109  122  119  126  134  145  147  145  146  149 
 165  166  166  159  147  140  130  118  117  132  120  115  106  110  132  167  200  217  226  230  233  233  236  234  234  232  231  239  235  230  218  203  170  138  157  169  208  118   84   77   76   76   79   85   81  113  140  129   71   76   91  108  147  133  119  119  120   74   73   94  141  157  148  124  122  118  131  145   93  128  130  127  134  130  137  143  138  139  149  156  176  132  126  115  123  157  101  105  104  128  133   95   84   85  120  126   96   95   96   90   92   88  105  103  100   95   91   91   97  103  102  108  108  123  112  108  102   98  113  137  163  181  192  195  204  204  202  202  204  207  208  207  208  209  218  216  217  218  216  216  215  214  214  214  214  216  219  222  224  222  226  228  229  231  230  231  232  233  237  235  237  238  236  240  241  243  233  192  129   82   71   74   90  113  127  137  150  125  134  129  124  125  142  129  131  121  114  172  215  210  195  192  192  189  189  192  193  187  188  183  185  183  180  179  176  169  167  167  162  160  157  154  152  149  143  141  145  154  167  167  157  141  131  150  209  238  246  246  246  245  243  244  244  244  243  242  242  238  234  222  192  138   92   96  112  127  126  131  128  133  144  146  145  150  149  147 
 169  167  168  166  159  156  146  136  129  136  125  114  101  103  128  166  200  217  226  231  232  232  233  236  235  235  235  237  235  231  223  201  167  152  179  187  198   87   82   77   81   81   84   81   87  104  135  131   68   72   79  104  156  134  118  134  119   84   78   83  111  140  143  155  136  129  151  132  104   99  135  135  136  141  117  156  144  145  157  163  162  168  117   94  142  160  144   98  103  130  119   94   82   81  124  120   98   95  100   91   92   87  101  100  105   98   96   93   96  102  100  105  113  123  122  111  105   99  114  134  158  178  187  191  196  199  204  206  205  210  208  198  206  215  218  217  217  220  217  216  216  214  214  217  216  218  221  222  224  225  226  227  229  229  229  231  230  231  234  233  236  238  239  240  242  241  244  241  215  156   91   73   86  109  114  134  151  119  130  127  123  126  140  132  130  116  111  182  214  207  190  191  192  192  191  192  196  189  186  183  182  186  183  186  179  175  175  174  168  166  160  159  151  148  144  141  147  163  179  176  170  147  129  146  211  239  245  244  246  244  246  245  243  243  245  241  238  231  220  192  142  103   98  115  129  139  134  132  134  138  148  148  151  148  148  148 
 168  167  168  166  165  165  159  150  141  141  133  123  100  101  128  164  200  215  225  230  232  231  234  235  235  234  234  236  234  232  221  198  184  186  175  191  140   82   79   80   82   77   81   78  118  149  147  129   83   70   87  137  158  117  120  129   97   88   81  104  135  117  100  122  142  150  126  100  106  113  104  140  143  142  135  148  163  147  154  155  148  153  156   90   94  141  171  109  100  123  110   89   83   87  130  126  100   99   95   97   94   88   92  101  104  104   94   93   93   99  104  104  110  124  137  109  102   97  111  136  149  173  192  195  198  197  204  206  206  207  195  202  213  216  220  217  217  219  216  216  216  216  215  216  216  220  221  221  224  224  227  228  228  231  230  230  232  231  233  233  235  236  239  240  241  239  241  242  242  229  176  109   81  102  101  120  145  117  124  126  121  132  142  126  127  108  115  192  214  205  191  201  199  196  193  193  193  192  187  188  186  186  185  187  184  179  176  174  171  170  167  161  161  154  148  145  159  174  190  191  180  148  130  155  217  240  246  246  246  245  245  247  245  246  243  240  231  215  179  124   95   96  117  135  142  139  137  139  140  150  156  154  152  145  149  150 
 165  164  168  170  171  170  166  159  152  149  137  125  101  101  121  167  201  216  225  230  233  234  234  232  236  236  237  239  233  228  221  199  209  220  153  167  118   80   80   81   82   75   78   72   86  135  154  157  154  143  154  157  123  114  110  107  114   80  101  146  127   99  103  131  143  113  110   94  104  115  112  113  141  148  150  163  158  154  150  158  108   97  136  135   76  109  161  151   95  118  106   87   85   84  128  123  102  101   96   98   94   87   93  101  104  101   97   97   94   96  113  105  119  119  139  121  102  103  109  139  154  173  193  194  201  200  207  207  205  197  197  212  215  219  218  217  219  218  214  218  216  214  216  219  220  220  222  223  223  225  225  228  228  229  229  230  230  232  233  233  235  237  238  239  240  240  242  241  242  243  236  189  115   92   86  108  138  112  116  121  115  126  139  128  131  101  113  196  214  202  192  203  199  198  194  196  195  191  190  189  187  185  186  184  183  185  179  178  177  173  170  168  164  160  154  153  162  183  199  195  181  155  145  181  224  242  245  246  246  244  245  248  244  246  243  239  220  180  122   92   90  115  144  147  144  138  140  142  150  156  160  159  153  144  148  152 
 161  163  168  172  176  173  171  166  162  154  142  130  106   93  119  164  200  215  225  231  234  235  234  233  234  235  237  237  234  228  219  212  232  212  142  145  127   99   83   80   86   80   84   79   86  106   96   98  123  140  141  116  110  117   98   98  106  120  147  141   93   84  111  148  109   93  101   97   93  114  128  113  128  139  151  157  153  153  158  162  131   72  117  182  123   91  130  182  108  107   96   81   82   81  121  125  104  102   96   99   94   82   94  103  107  105   96   97   94   95  116  108  121  125  151  145  105  101  104  140  149  178  194  197  205  204  208  203  196  201  212  215  215  218  219  216  217  218  217  216  216  215  218  219  221  222  224  224  224  225  226  226  227  229  229  230  232  230  232  231  233  236  236  240  241  240  243  242  242  245  244  238  197  126   84  106  136  106  110  115  110  129  136  127  121   95  116  203  213  199  189  201  197  197  194  193  194  189  191  191  187  188  185  186  182  182  182  178  175  175  173  167  170  164  161  159  165  186  197  199  181  163  160  206  231  244  246  246  246  246  244  246  246  243  242  233  205  155   94   90  112  143  155  150  150  146  143  148  158  164  167  158  153  147  145  158 
 160  162  168  171  172  174  174  171  167  161  148  129  108   92  121  164  195  214  227  231  233  235  234  233  235  236  237  238  232  229  221  230  245  183  157  142   95  100   95   90   98   88   86   91  104  118   88   76  104  119  110  107   98   93  101  114  122  122  119  100   77   85  138  153   88   92   99  109  101  100  124  130  120  121  139  157  156  151  165  158  159   83   83  179  186  109  135  158  141  103   90   80   84   83  118  119  101  103   93   96   95   87   94   99  107  114   94   95   96   93  118  113  118  135  163  169  116   96   95  134  145  182  195  200  206  206  199  186  198  214  216  216  217  215  218  218  216  219  217  217  219  216  220  220  221  225  223  224  226  225  226  227  227  228  230  230  231  230  233  232  234  236  236  239  241  240  242  242  243  244  243  245  240  196  114  100  127  108  109  109  116  132  134  128  121   92  123  211  213  196  186  198  197  198  191  191  191  189  191  189  190  190  187  187  185  183  187  184  177  177  176  170  168  166  164  162  171  185  194  196  185  171  177  217  239  245  246  245  247  246  246  247  244  240  235  225  190  131   91  107  135  155  152  151  150  148  151  157  167  171  170  158  151  149  152  162 
 156  157  162  172  172  172  174  170  171  169  160  140  115   97  122  162  197  215  225  231  232  236  234  235  235  236  237  235  232  228  222  231  237  172  188  176   74   82   80   92  102  103  101  104  109  120  102   79  113  120  106   94  102  103  101   96   88   86   86   95   82   88  129  142  109   80   96  111  110  106  106  135  127  119  126  155  159  155  155  141  153  136  108  150  204  161  127  127  175   98   88   84   86   86  124  118  107  104   99   97   94   90   94  100  109  115   94   97   95   99  127  121  115  136  168  172  133   98   93  126  146  184  199  199  202  197  181  195  211  215  216  218  216  215  218  219  218  218  217  219  219  218  221  221  222  224  224  223  225  225  226  226  227  228  228  227  229  230  232  233  233  236  235  238  240  239  242  241  241  243  243  243  245  238  191  112  108  110   99  108  112  129  120  132  125   88  133  213  209  195  193  197  197  198  193  192  191  189  191  194  190  190  188  189  186  185  183  185  179  176  176  174  170  170  164  165  171  181  195  198  196  181  194  225  239  245  245  245  247  247  247  247  243  237  230  213  175  118  102  125  153  158  154  157  156  153  157  171  175  175  168  157  150  148  155  162 
 137  144  158  166  169  176  176  176  180  175  164  143  114   98  124  159  197  216  225  231  234  239  237  235  235  235  238  236  234  231  223  222  224  151  152  163   74   76   83   84   90   90   87   94  110  107  111   93   92   90   88   90  119  124  101   95   83   79   81  112   93   80   89  116  136   97   86  103  100  112  107  115  139  128  122  151  161  156  152  143  147  160  137  149  147  166  114   92  183  118   82   82   81   82  128  116  106  107   96   93   92   85   96   97  106  119   94   98   96   96  115  121  119  146  180  185  153  104   94  123  144  180  203  202  191  184  201  213  215  216  217  221  216  216  219  219  219  219  217  218  219  219  222  222  224  225  226  224  223  224  227  226  225  227  227  227  229  229  232  232  234  235  235  238  240  239  242  242  242  244  243  244  245  243  237  178   99  105   94  101  115  130  115  125  114   91  147  214  209  193  196  197  200  195  192  189  192  189  192  191  189  191  190  188  187  185  184  180  177  182  176  177  168  167  168  170  174  189  196  198  196  190  207  233  243  246  246  245  247  246  247  247  239  233  224  200  157  120  122  144  159  156  152  157  156  154  167  180  180  176  162  156  152  155  165  163 
 109  125  151  159  166  173  181  181  188  180  169  151  117   95  118  162  198  218  228  231  236  238  236  235  235  238  239  238  233  232  226  218  201  161  123  101   76   81   86   81   84   92   84   93  113   92  101  100   84   85   81   91  133  136  100  107   92   75   81  114  117   75   77  101  135  126   89   94  108  111  104  110  124  136  121  150  161  154  152  158  151  166  137  157  113  157  170   92  189  154   76   78   79   82  128  114  109  111   99   96   94   84   98   97  112  116   94   95   90   91  113  123  122  153  190  193  167  114   98  114  147  177  201  186  190  204  214  213  215  217  217  219  218  215  217  219  217  219  218  218  220  219  223  222  221  225  224  225  226  224  227  226  227  226  226  227  229  228  231  230  231  235  235  237  239  238  241  241  241  244  243  244  244  244  245  231  151  105   89   97  110  122  109  114  104   91  162  214  206  193  199  196  195  197  192  192  193  191  195  194  190  193  188  187  187  188  189  183  178  180  180  175  171  170  172  173  180  196  203  203  198  196  216  238  243  247  245  245  247  247  247  245  240  231  214  184  141  122  137  156  161  153  158  159  157  161  172  177  174  171  163  158  156  161  160  164 
  90  110  136  154  163  173  183  187  189  180  171  157  122   93  115  159  198  219  228  232  235  240  238  235  235  237  239  237  235  229  224  226  204  170  129  107   78   78   82   82   83   92   85  117  103   85   92   94   93   84   83  101  140  133   87  119  106   79   78   99  140   87   79   95  122  116  125   95  104  119  115  105  104  130  127  147  141  144  144  159  157  178  171  170   91  101  191  128  176  186   76   78   77   81  122  110  108  113  101  101   94   85   97   99  108  110   97   97   93   90  113  119  124  169  195  196  175  124   95  112  145  167  190  192  209  218  216  213  214  218  216  218  218  217  218  219  219  221  219  221  219  221  221  222  222  224  224  225  225  224  225  228  227  226  227  226  230  229  232  230  231  234  234  237  236  238  241  241  241  243  242  242  244  244  245  244  212  134   88   95  108  117  104  114  104   97  179  214  204  190  196  197  195  196  198  194  195  190  196  192  189  191  189  190  189  185  184  185  180  181  174  173  174  171  173  174  183  200  205  203  200  199  223  242  245  248  245  245  246  245  247  244  238  225  201  160  133  135  147  160  153  156  160  160  165  173  182  179  172  157  157  155  160  165  163  160 
  80   92  122  143  158  177  183  189  190  183  173  160  128   90  110  152  200  218  228  233  235  238  237  237  236  237  237  237  233  232  226  226  220  165  135  117   74   76   85   82   85   88   90  130   91   85   83   90   92   92   86  108  150  132   84  107  105   81   78   82  130  116   81   85  124  104  118  126  101  125  126  113   96  110  127  143  124  147  151  143  157  179  172  144   77   71  130  150  163  201   76   73   72   81  119  110  107  121  100  100   92   85   93   94  115  115   96   95  101   94  111  115  133  178  196  200  181  130   96  105  137  163  195  205  214  216  216  212  214  218  216  219  219  218  220  219  219  221  218  218  219  220  223  221  222  223  224  224  224  223  226  227  226  227  226  227  228  228  231  229  232  234  234  236  237  237  242  240  240  242  241  241  245  245  246  245  238  189   92   87   99  114   97  113   92   97  189  204  197  193  195  195  195  196  195  195  194  189  194  192  188  191  189  188  188  186  188  184  184  182  179  178  173  174  175  176  184  197  205  206  208  207  228  242  245  248  245  247  247  245  245  245  236  219  179  142  139  148  155  157  148  159  162  165  172  182  181  173  157  153  157  158  168  168  166  159 
  78   86  102  128  154  174  184  190  192  185  177  163  129   91   99  146  196  218  228  232  235  235  236  236  237  235  237  238  236  232  223  211  183  195  145  119   70   82   86   83   87   90  111  108   86   84   87   89   85   88   92  109  150  133   80  103  111   86   83   76   95  130  115   80  118  103  100  133  122  118  133  133  127  105  113  137  122  153  156  136  157  176  167  140   95   67   99  163  168  216   89   76   70   80  119  118  112  126   96   98   94   90   98   93  112  120   92   99   94   93  110  114  148  183  192  198  177  129   94  100  142  167  201  208  214  218  215  213  216  219  218  219  220  218  218  219  220  222  221  218  220  222  221  223  224  225  223  224  223  224  224  226  226  227  225  225  228  229  231  228  229  231  233  235  236  238  240  240  241  242  240  241  243  244  247  246  245  228  136   87   98  105   96  110   87  102  197  208  195  196  201  199  198  199  195  197  195  191  195  187  187  189  188  185  186  182  187  185  183  181  180  174  174  173  175  177  177  194  209  218  222  224  234  242  246  245  246  248  247  245  245  245  233  207  166  139  148  156  160  151  152  165  166  174  177  178  172  160  151  154  159  163  169  166  160  156 
  74   75   94  120  152  174  185  188  192  187  182  163  127   84   91  143  195  216  226  232  234  237  236  234  236  237  239  240  237  235  227  212  183  204  122   94   76   85   84   81   90   93  106   93   85   86   90   86   83   84   91  110  154  125   81  102  122   94   78   76   81   95  132  124  116  110   89  113  122  118  130  138  140  126  104  122  116  144  163  158  156  170  146   98  104   82  114  179  190  213   96   73   71   79  127  115  119  131   97   98   91   88   94   94  113  111   92   94   95   95  108  112  153  180  189  192  179  139   96  105  150  173  202  207  215  216  213  216  217  218  216  221  223  218  218  220  220  221  220  221  222  221  223  221  222  223  224  223  225  223  225  224  225  226  227  226  227  228  229  228  228  231  231  234  235  236  239  240  240  242  241  241  244  243  245  244  245  243  195   91   91  102   93   96   82  116  206  210  193  196  202  199  197  199  195  197  191  191  194  190  188  188  189  186  188  182  183  185  181  179  179  171  171  171  175  178  184  204  219  227  233  236  241  245  247  245  247  247  248  247  244  241  224  195  155  151  157  162  158  156  166  170  173  178  183  179  167  158  148  154  161  166  167  161  153  157 
  75   77   91  113  149  174  187  190  192  192  183  165  115   80   92  144  199  219  226  231  234  236  236  236  235  236  239  240  237  234  229  213  170  162  168   84   76   89   85   82   90  101   95   94   89   88   85   85   88   83   85  124  160  119   80   92  123   92   77   82   91   85  100  122  130  118   89  113  102  127  125  138  130  126  113  118  114  133  165  167  162  168  162   93   82  122  101  172  199  203   83   72   66   78  129  110  119  141   92   98   91   91   95   97  113  104   91   92   99  102  112  125  164  189  189  182  178  149  102  110  151  172  203  209  217  215  214  215  218  218  217  221  220  219  218  219  218  220  219  220  221  222  223  222  221  224  222  225  224  222  224  224  225  225  227  227  228  227  229  228  229  229  229  232  234  236  238  240  239  242  241  241  242  242  244  245  244  246  227  132   88   96   86   94   74  126  209  213  190  198  201  198  198  201  197  196  194  196  194  189  190  191  187  185  186  185  184  184  177  180  177  174  171  171  178  186  205  221  233  237  240  241  243  246  246  247  247  247  248  245  244  234  214  179  154  156  162  166  157  161  172  171  178  180  179  169  156  149  151  158  167  167  164  157  153  157 
  72   81   87  108  142  169  185  194  194  189  183  159  111   78   93  146  195  218  224  234  236  240  235  236  238  237  240  238  236  234  229  215  184  172  170   80   86   89   82   85   96   96   88   94   88   87   86   90   91   81   87  141  163  120   77   80  125  105   78   97   97   84   96   91   91   98   86  117  102  123  129  130  126  120  110  119  113  135  163  165  156  163  168  120   75   95   94  165  197  181   74   75   75   84  137  118  117  146   94  103   92   93   97   99  115  102   89   89   94  105  113  142  176  187  173  186  190  155  102  108  153  168  201  212  216  216  217  215  219  220  218  221  221  218  220  220  220  220  219  218  220  221  221  220  222  223  224  224  224  223  225  224  224  226  225  225  226  226  227  228  229  229  229  231  234  234  239  240  240  242  240  241  242  240  243  245  245  247  242  188   89   92   83   92   79  136  208  215  193  196  200  199  197  197  196  197  199  193  194  194  190  190  187  185  184  181  182  183  178  176  178  171  173  175  181  198  220  233  241  244  245  246  247  249  248  248  247  248  248  246  240  227  201  167  158  160  160  158  160  169  172  176  181  185  178  166  153  153  157  162  168  167  161  154  155  156 
  73   75   86  106  141  171  181  192  196  187  176  159  115   76   90  146  195  216  229  234  236  237  234  235  238  236  238  241  236  234  228  219  215  174  121   78   96   82   81   97  100   90   87   96   85   84   90   92   84   81   97  154  155  118   75   79  108  109   81  105  102   85   98   86   79   90   91  104  114  106  130  129  139  123  115  109  103  136  161  158  144  172  158  143   89   77   90  159  191  134   82   72   72   92  142  113  121  133   96  105   94   95   96  100  112  101   90   92   97  110  117  150  173  178  188  199  197  157  103  110  152  172  202  216  216  215  218  217  219  220  220  224  221  219  219  220  219  220  218  220  220  220  222  220  222  222  222  224  223  223  224  226  224  225  225  224  227  227  229  227  228  230  229  230  233  234  239  239  239  242  239  240  241  240  241  242  243  246  246  224  117   87   79   88   77  147  207  208  195  197  196  196  196  198  195  196  196  197  192  192  185  187  187  184  179  182  182  181  175  175  174  169  172  174  185  211  230  242  245  244  246  246  246  248  246  247  247  249  249  245  235  217  187  161  162  160  163  158  167  173  176  180  185  183  170  157  151  156  156  164  168  166  157  154  157  153 
  73   74   79   97  137  169  179  187  193  190  177  158  117   81   93  142  193  217  228  233  235  236  237  236  233  236  239  240  238  236  229  220  215  163  109   78   97   84   93  103   94   87   86   90   88   84   95   77   76   78  121  158  155  117   77   81   88   97   83  114   99   89   90   91   83   88   87   89  115  104  119  131  143  126  108  107   95  134  169  151  149  166  146  158  147  106  100  170  171  118  146   74   72   98  140  115  124  125   97  103   98   99   98   97  103   98   94   95  101  116  127  152  191  195  201  204  199  160  101  119  158  180  203  216  216  217  218  219  219  221  220  221  221  220  223  219  218  221  218  221  219  219  221  220  221  221  222  223  221  223  225  224  225  227  224  224  225  226  229  228  228  230  229  230  233  234  238  237  240  241  240  240  241  238  240  242  243  246  247  237  165   80   77   84   80  166  210  207  200  196  198  199  195  193  195  192  196  195  190  191  185  189  188  184  182  183  180  177  173  173  174  170  175  176  194  225  241  247  248  246  246  245  245  248  246  248  248  247  247  241  230  207  172  161  162  161  160  161  173  175  185  185  187  182  164  153  152  156  159  168  166  160  153  154  153  149 
  71   73   76   94  131  166  178  188  196  194  184  164  119   79   91  134  190  219  229  235  236  238  235  235  236  237  239  241  237  236  231  218  206  145   81   80  100   92   99   93   89   85   86   88   87   89   87   74   74   96  156  155  151  113   76   78   82   95   92  113   93   97   83   90   85   97   87   84  108   98  106  117  152  135   93   94   96  133  163  157  165  168  126  128  162  126  152  181  160  160  191   92   75   99  131  107  119  113  106  102  105  105   96   99  104   98   94  100  103  116  146  177  202  204  205  206  198  161  102  125  155  178  207  214  215  216  219  217  216  221  219  223  221  219  219  219  220  218  220  219  220  219  220  221  220  222  223  222  223  221  223  224  225  225  224  225  227  226  226  226  227  229  229  228  233  233  237  238  239  240  240  240  241  240  242  240  242  245  247  244  204   84   67   77   82  179  205  207  196  198  200  197  196  194  193  193  195  196  190  190  189  189  185  186  185  181  180  179  174  174  173  171  171  179  202  234  242  247  248  248  247  245  246  249  247  248  249  248  246  237  222  194  171  170  166  160  159  164  172  179  183  188  185  173  159  155  152  160  165  165  168  157  155  152  152  142 
  71   73   77   91  129  161  180  189  196  193  182  165  129   84   91  139  192  220  228  235  237  238  236  236  238  237  239  239  238  236  229  217  202  143   86   91  101  101   96   82   89   83   91   87   88   88   78   77  100  141  145  129  133   98   78   76   80   91  105  112   84   98   78   79   85  103   95   80  107  100   93   95  139  146  103  101  116  139  159  159  167  173  160  136  165  120  165  173  144  146  134   81   85  110  125   97  113  109  114  101  102  107  100  103  100   98   96  101  121  126  161  195  203  207  205  205  197  155  106  133  158  182  208  215  214  218  219  218  219  221  221  222  222  219  221  220  220  220  220  221  222  220  222  220  221  221  222  222  223  224  225  224  222  224  223  226  227  226  227  227  228  228  228  230  230  230  235  237  237  240  238  239  240  239  240  240  240  246  247  245  227  113   69   72   87  188  205  205  194  204  195  198  193  194  194  194  195  192  188  192  190  188  188  184  180  178  182  180  172  171  173  171  175  182  208  237  244  247  248  248  248  245  247  247  247  249  248  248  245  232  213  188  173  175  163  161  159  167  171  180  181  186  178  166  160  155  156  161  165  165  161  154  151  151  146  135 
  72   74   77   91  127  160  180  193  197  193  180  165  135   84   92  134  189  220  228  235  237  236  237  237  237  238  238  240  236  234  229  216  195  139   98  104  105   89   87   82   88   88   90   91   89   85   81   94  145  124   94  131  126  103   84   79   83   92  117  106   82   96   82   80   91  101   96   74   97  107   97  106  135  139  138  125  127  144  161  162  163  130  156  164  168  178  199  161   90   71   74  101  107  120  115   92  117  106  109   98  102  102   96  108   99   97   98  111  128  140  173  205  209  209  204  204  192  143  102  139  160  183  210  214  216  217  218  218  219  221  222  223  221  219  220  218  218  220  220  220  221  221  223  221  220  219  220  222  224  224  223  222  223  225  225  225  226  226  227  227  227  228  227  230  230  232  235  235  237  239  238  239  240  239  240  239  240  243  245  245  238  154   65   71   97  192  206  202  195  200  196  194  194  191  192  192  191  191  184  187  186  187  185  185  183  178  176  178  174  172  172  173  178  187  214  240  244  246  248  246  246  246  248  247  246  248  247  246  239  225  204  185  179  175  172  165  168  170  175  187  188  180  173  161  156  157  159  166  166  163  158  151  149  148  135  136 
  70   74   72   90  124  158  175  188  194  191  182  165  137   93   91  133  184  219  229  234  236  236  236  234  234  232  234  237  231  228  224  213  185  148  108  103  101   83   83   84   89   87   88   89   86   90  105  110  106   81   89  148  125  110   86   84   81   96  119  104   84   88   84   79   89  101  101   76   95  126   94   83  101  109  136  148  149  149  157  166  151  124  130  154  156  178  186  165  133   93   96  126   87  120  106  100  121  101  110  106  106  101  100  111   95   99  100  124  134  150  184  204  208  207  205  204  194  132  104  144  161  186  211  216  217  218  218  217  219  222  223  224  222  219  222  219  219  219  220  220  221  219  221  219  217  221  220  221  223  222  223  223  222  224  224  226  225  228  228  226  227  229  227  230  231  231  233  235  235  238  238  238  239  240  240  239  240  242  244  246  244  198   71   68  102  194  207  202  197  199  198  189  192  195  190  189  187  189  188  189  185  189  185  183  182  179  177  176  172  169  173  174  180  190  219  241  246  247  247  245  247  245  247  250  248  248  248  243  233  216  196  188  183  178  173  170  169  170  176  187  188  181  173  161  155  157  159  164  164  161  157  149  148  145  136  131 
  72   70   75   86  119  160  175  188  194  190  183  167  144   99   93  132  183  218  229  235  237  235  231  230  227  223  226  229  227  224  221  210  183  166  107   87   89   84   85   87   88   87   96   89   87  109  127   93   85   83   97  133  125  125   85   87   84   99   99  102   88   84   86   83   93  105   87   90  105  125  101   83   85   90  109  143  156  154  147  159  149  140  125  114  121  146  145  176  190  163  170  146  122  141  110  101  106  107  125  130  108  101  104  105   99   96  101  134  140  159  192  203  206  208  208  207  190  127  106  149  168  194  213  215  217  217  218  217  218  224  223  225  220  221  221  218  219  220  220  220  220  219  222  220  219  222  221  222  221  222  224  224  222  224  222  225  225  226  224  225  226  228  228  229  230  230  234  234  234  237  237  238  239  239  239  241  242  242  243  245  246  219   96   68  119  197  206  199  193  198  196  191  189  192  192  188  191  187  186  183  188  187  185  184  182  180  179  175  170  172  173  176  185  197  224  242  246  247  246  244  246  247  249  248  248  248  246  239  225  206  194  196  186  177  170  172  166  169  172  181  183  177  167  158  156  157  159  167  161  161  153  147  146  140  136  133 
  69   67   73   85  118  154  177  191  194  192  186  171  143   92   91  129  182  218  231  237  237  239  234  230  229  227  229  232  232  231  226  212  198  173  107  100   81   85   88   87   87   84   96   93   87  101   96   84   92   90   89  130  124  118   93   82   95   98   87   96   94   88   90   90   90   99   94   94  123  124   89   84   70   81  105  140  163  146  153  151  152  134  133   77   78  105  112   88  104  134  140  134  160  166  157  161  151  148  133  106  110   99   98  106   97  101  110  134  153  168  199  207  207  209  209  209  182  127  116  154  171  197  215  215  218  217  219  219  220  221  221  224  221  221  223  219  219  220  218  223  221  218  222  221  219  221  222  222  224  221  223  223  222  223  222  225  226  225  227  223  225  227  228  228  229  229  232  232  233  236  237  238  240  240  240  240  241  240  241  245  245  232  135   69  127  199  203  196  192  196  196  195  191  190  187  188  190  186  189  184  189  189  187  186  182  178  181  174  172  170  172  179  186  203  228  244  246  248  246  246  245  246  247  248  249  249  244  232  217  199  195  196  185  178  175  172  167  177  178  181  178  171  160  154  157  158  162  164  159  154  152  151  144  138  140  137 
  73   72   70   82  109  150  176  186  195  196  191  173  140   98   92  130  185  218  230  234  236  238  235  236  235  235  236  238  235  232  228  213  198  151  100   98   87   91   87   92   88   90   94   89   84   89   86   93   98   88   87  119  114  105   97   88  103   91   85   96   99   90   88   83   81  100   93   88  134  116   75  101   76   91  110  135  149  125  156  133  141  156  140  114   77   96  124   79   86  120   73   78  118  114  108  158  149  145  143  120  107  100  101  103   93  102  124  141  157  180  205  206  207  207  206  208  172  116  126  157  175  206  215  216  218  216  218  218  219  221  222  223  222  222  222  220  217  219  219  219  218  219  220  220  219  221  223  222  220  220  221  223  223  222  223  224  224  224  227  225  224  226  227  228  230  229  232  232  233  235  237  238  239  240  240  240  239  240  242  242  245  240  179   69  144  200  204  195  190  195  198  194  192  192  194  189  187  185  186  186  184  187  186  183  182  182  181  179  170  170  174  178  188  203  228  244  246  248  246  245  245  246  248  250  248  247  241  228  211  197  191  191  183  176  175  162  169  177  181  182  172  165  157  152  156  164  165  164  158  150  148  148  144  142  142  143 
  73   71   73   81  102  146  170  185  194  195  186  170  143  102   95  130  186  216  227  234  236  238  236  236  236  236  236  237  234  231  226  211  191  150   98   91   91  100   90   86   86   87   91   89   84   89   93  100   90   83   98  113  106   98   89   94   91   87   88  103  104   87   82   77   84  103   79   91  131  114   77   88  117  107  116  130  144  135  143  144  133  151  157  149   91   92  132   82  103   98   72   93  119  102   88  112   97  115  139  156  111  103   97   96   95  110  133  150  161  187  205  204  206  208  207  205  160  109  142  165  180  211  216  218  217  218  219  219  219  223  221  221  222  221  220  220  219  219  219  220  219  218  219  219  220  222  220  220  219  221  223  222  222  221  221  221  224  225  225  225  224  226  227  229  231  228  231  232  232  234  236  238  239  238  239  240  240  241  241  242  245  243  208   77  153  199  204  195  193  195  194  193  188  193  191  194  191  185  186  185  185  185  186  185  183  180  177  176  173  173  176  183  192  203  224  242  246  248  247  246  247  247  249  250  249  245  237  220  208  196  191  188  183  181  172  161  166  171  173  175  163  150  154  152  162  168  167  161  154  150  151  147  144  144  143  146 
  80   75   76   83  101  143  170  181  192  192  182  172  148  101   94  133  182  215  227  233  235  235  234  236  236  235  237  237  235  234  224  213  196  165  102   97   89  100   85   87   83   86   94   84   85   99  113  103   85   87   87  105  100  102  102   94   82   85   83   93  117   85   81   81   93   97   76  108  116  106  114   83  114  124  117  129  124  140  136  132  124  135  156  165  132   91  135   84   99   79   81  112  111  101   90  117  104  108   97  124  114   94   94   91   98  121  140  156  175  194  205  208  208  206  207  196  147  105  146  167  188  214  216  216  219  220  221  221  221  221  223  224  223  223  221  219  219  219  218  219  221  220  221  220  220  221  221  220  221  221  223  222  222  224  222  222  224  225  226  224  223  225  227  228  228  228  232  232  233  235  234  237  237  237  239  239  239  241  241  240  244  243  223  111  159  200  203  198  192  193  190  192  189  192  191  188  194  186  189  188  187  187  187  183  181  178  179  174  170  176  182  186  195  202  218  234  241  246  246  244  246  248  250  250  246  242  235  218  202  193  193  189  180  179  167  160  164  171  173  160  149  145  154  161  168  166  160  158  149  147  151  148  148  143  145  146 
  76   75   75   81   97  139  167  180  190  189  185  172  150  109  100  131  181  215  226  233  234  236  235  235  235  234  236  237  236  232  223  218  207  180  101  111   86   96   81   82   80   85   93   85  117  132  107   93   83   83   90  103   98  100   98   91   93   90   85   83   99   95   79   85   94   94   80  126  105   96  125  110   80  121  129  120  121  139  149  136  117   99  123  152  160  125  128   91  100   75   83  113  106   96   96  111  114  103   94   99  104   94   92   94  106  128  144  164  186  192  201  205  205  206  206  185  128  110  152  169  196  213  216  217  222  220  221  219  221  223  221  225  222  221  221  217  219  219  217  219  221  221  221  221  220  222  222  222  222  219  223  224  223  224  222  224  222  224  226  223  224  225  226  228  227  229  230  230  230  234  233  236  237  238  239  240  238  240  239  239  242  242  235  158  169  204  202  191  190  192  190  188  187  190  191  187  189  192  189  188  187  188  186  186  181  178  179  178  174  180  182  190  200  203  208  219  232  234  236  238  244  248  249  249  246  244  232  215  198  189  190  187  179  174  165  162  165  171  169  151  138  143  159  167  170  162  158  153  141  146  150  147  148  144  145  141 
  81   81   77   77   91  132  164  180  189  192  188  173  154  119  105  135  181  215  227  235  235  237  236  236  233  233  236  237  235  233  225  216  218  176  107  135   92   89   75   78   78   94  109  125  121   99   87   84   80   83   98  106  101   93   89   86  103   94   89   82   90  115   82   98   87   96  101  108   97  100  115  130   76   73  135  156  138  151  135  136  128  104  100  140  146  151  147  122  152   78   91  110  100   92  103  106  111   95   97   96   99   95   90   96  112  139  150  168  191  196  202  204  207  206  202  174  109  125  157  170  204  215  215  218  222  222  221  221  220  222  223  225  222  221  222  223  219  219  219  218  217  221  221  221  221  222  221  222  221  221  223  222  222  223  223  221  224  223  225  225  224  226  225  227  228  228  230  229  230  233  232  235  238  237  239  239  240  241  239  240  241  240  239  204  183  207  202  184  172  183  187  188  188  190  189  190  193  191  188  186  188  189  187  186  179  179  180  175  177  186  188  196  200  203  205  205  214  222  224  234  245  247  249  249  247  242  232  210  197  189  184  179  175  167  158  163  169  166  157  146  137  147  163  170  168  158  157  147  142  145  148  147  147  147  144  134 
  81   77   77   74   87  126  158  175  186  189  187  174  157  126  110  133  177  213  225  233  235  238  236  234  232  233  236  238  236  230  223  214  220  177  114  140   94   87   78   79   93  119  123  104   91   83   83   84   82   86  105  100  108   94   91   95  107  109   98   86   80  107   96   92   81   99  130   94   85   93   98  129  109   79   82  111  113  136  136  139  111   92   93  119  144  168  161  163  140   77   94  106   94   84  110   98  100   92   98   95   91   93   95  102  122  142  161  181  195  201  205  204  206  204  195  150  103  140  163  188  211  216  217  218  219  221  222  221  223  223  225  224  222  221  222  222  218  220  217  218  221  221  220  221  220  222  221  221  221  220  222  221  222  224  222  222  222  222  223  223  223  224  224  226  227  228  232  230  231  233  232  234  238  238  239  240  240  241  240  238  242  241  241  228  194  210  197  175  162  169  171  173  180  185  184  192  191  190  191  190  184  186  185  186  183  180  183  179  182  192  197  200  206  207  207  201  201  206  217  235  247  250  251  251  248  239  226  205  192  185  181  176  166  160  159  167  169  161  149  139  143  156  167  168  165  154  148  143  142  144  149  146  145  147  136  127 
  78   77   76   77   82  121  157  176  183  180  183  172  158  128  110  134  181  214  226  232  235  236  235  233  233  235  236  237  235  231  226  211  217  179  115  137   97   91   85   84   91   96   94   87   87   88   85   89   83   91  100  107  106   94   88  104  101   95   99  100   97  105   92   79   76  107  125   91   80   89  107  134  126  105   84   86   86   87  115  150  132   90   91  110  113  151  182  167   94   88   99  106   86   88  113  100   96   92   97   92   89   95  100  106  131  144  167  191  194  201  205  205  203  204  185  125  107  152  168  203  215  220  218  218  222  219  222  222  223  225  223  225  223  222  225  223  223  220  219  220  221  222  221  219  219  220  219  219  221  222  221  221  222  223  222  221  221  221  223  224  225  224  225  226  226  227  228  229  229  231  231  233  238  238  239  239  239  240  240  240  241  239  241  238  210  210  190  162  150  159  156  160  162  169  173  180  181  187  190  189  190  187  187  183  183  182  180  184  187  196  201  204  208  208  208  202  197  202  214  235  247  249  250  250  245  235  220  201  195  185  178  171  163  158  164  170  163  149  143  142  152  159  167  163  159  153  147  144  145  148  150  145  142  143  132  117 
  80   78   74   75   84  129  160  173  182  183  186  173  157  128  115  133  177  212  223  232  233  236  234  235  235  235  236  238  235  235  229  211  208  174  120  126  108   89   83   82   88   92   90   89   85   84   84   91   87  106   94  107   91   91   95  122  103   82   88   91   99   92   82   79   80  119   98   96   85   88  120  144  141  105  111   90   87   76   83  130  149   90   92  129  128  113  152  135   79   96  106  101   81   93  104   97   93   94   92   88   88  101  103  111  137  152  177  194  197  202  202  204  203  201  163  104  119  157  188  211  216  218  216  218  220  220  221  222  222  223  225  223  225  224  225  224  223  223  221  219  219  219  220  220  219  222  221  222  222  220  222  222  223  223  221  222  223  224  224  224  223  224  225  226  226  228  230  229  229  231  231  234  235  236  238  240  238  241  241  240  240  241  242  243  221  202  166  147  134  151  145  149  152  158  164  169  171  173  178  183  179  185  183  181  182  183  183  185  192  197  205  210  212  209  208  202  201  208  221  240  248  250  251  251  242  230  213  197  188  181  167  156  153  157  169  165  150  140  138  150  159  164  161  159  155  149  143  146  150  155  152  144  143  134  125  109 
  78   75   76   76   87  124  153  173  188  197  193  180  160  127  114  135  179  210  222  231  233  234  235  234  236  235  236  239  235  235  232  214  199  164  125  132  111   83   78   83   93   97   89   89   87   84   84   93   97  101   97  105   86   87   99  113  107   85   84   83   89   90   83   81   88  114   84   94  106   92  105  139  145  144   91  105   89   74   86  102  110   94   88  134  144  133  140  124   84  102  107   93   85   97   93   94   93   93   84   87   93  105  117  126  145  166  186  194  199  199  202  203  205  189  135   99  136  161  202  214  217  218  217  218  219  221  221  221  224  225  223  221  224  224  224  223  223  223  221  219  220  220  218  219  218  221  220  222  220  222  223  223  223  222  221  221  222  221  223  226  222  224  224  225  227  225  227  228  229  231  229  233  235  236  239  239  239  240  240  241  242  241  244  243  228  183  145  139  127  142  132  139  142  147  151  154  157  159  164  167  167  175  175  173  176  179  183  186  195  206  208  209  206  200  199  200  203  211  229  243  250  252  251  248  237  225  207  191  179  163  150  147  149  161  168  157  142  135  142  148  164  164  156  153  152  148  144  149  154  155  149  142  137  128  115  106 
  76   76   73   75   88  111  149  184  194  194  193  184  166  139  110  126  174  211  222  228  231  232  232  234  236  234  236  240  237  236  231  219  198  159  128  132  123   78   78   90  106   90   87   84   82   85   88  106  105   85  100   98   85   87  103  103  114   93   88   87   83   81   93   81   89   89   87   96  104  133  131  131  152  158  108   90  105  107   86  100   95   91   99  137  114  137  151  100   88   97  102   82   90   98   89   89   89   89   85   90   98  107  129  137  151  180  195  199  198  199  203  201  199  164   99  113  146  173  212  213  216  217  215  217  220  222  223  222  223  224  220  223  224  224  225  224  222  224  221  220  219  218  220  220  219  218  221  221  221  221  223  221  221  222  221  222  222  223  223  224  223  224  223  223  226  225  228  227  228  230  229  233  235  235  238  237  239  241  240  242  242  241  244  246  234  176  133  141  133  138  127  129  131  139  138  140  147  147  150  152  152  155  158  159  164  168  175  184  195  205  210  210  206  195  188  194  200  216  238  245  252  253  250  242  233  218  199  180  165  151  142  141  152  164  164  151  133  139  152  161  162  157  151  152  147  146  146  148  155  153  147  142  130  121  108  109 
  76   72   72   76   80  103  150  181  191  196  196  187  168  148  110  127  173  209  222  228  233  233  234  234  235  235  239  239  238  236  230  222  194  164  134  130  124   80   78   95   99   86   86   85   84   84   89  111   91   83  108   94   81   88  107  105  106   97   96   89   82   86   91   94   91   83   95  110   69  112  135  123  145  144  161  120   96  102  106  114  122  118  127  159   90  102  113   97   96   99   93   82   97   92   86   89   91   87   87   93  105  113  135  145  163  190  198  201  198  199  200  198  184  120   90  131  157  191  213  217  218  220  219  217  220  220  222  223  224  225  223  226  221  224  225  223  223  223  221  222  221  218  219  220  219  219  219  221  223  221  223  223  221  223  221  222  223  222  223  224  224  225  223  227  225  227  228  227  228  230  230  232  234  235  237  237  238  240  239  240  242  241  244  246  240  184  135  146  140  146  139  139  134  133  134  132  137  134  134  135  136  138  139  140  144  150  156  171  185  198  208  211  206  205  209  208  204  219  239  248  252  252  250  237  224  207  184  163  149  141  138  146  158  159  155  142  135  147  160  164  159  152  149  148  147  145  150  154  154  149  146  138  125  116  103  108 
  79   74   70   70   75  103  153  179  192  198  199  189  169  156  117  127  168  206  220  226  229  232  234  234  236  234  236  239  236  235  231  217  168  166  139  137  120   75   80   98   87   82   85   81   81   92  109  105   83   85  111   92   81   87  105  105  110   98  104   97   80   84   90   91   95   92   90   90   70   81  119  118  136  144  154  159  138   93  110  133  148  148  105  111   85   88   87  101  103   99   86   88   96   88   88   88   89   86   90   96  110  119  143  154  181  195  197  200  199  199  200  194  142   89  101  147  170  204  219  217  218  218  218  221  220  220  221  223  224  225  224  222  222  222  223  223  222  225  223  220  220  218  219  219  218  221  220  220  222  222  222  221  222  223  223  222  223  221  222  222  224  225  224  224  226  227  227  227  229  229  230  232  233  233  236  236  237  240  238  239  241  242  245  245  244  207  134  142  150  149  151  146  145  142  140  133  131  128  118  120  120  122  121  118  119  122  137  148  169  188  197  205  211  221  221  215  213  226  244  250  253  252  246  232  216  191  165  143  129  125  140  150  154  149  144  140  144  157  163  162  147  148  148  149  146  147  152  157  151  145  145  134  126  108  107  107 
  87   81   80   81   81  102  150  177  193  199  200  190  176  157  117  124  166  206  219  227  230  233  234  234  234  234  236  240  236  235  229  203  139  165  139  132  116   78   91   91   83   86   82   82   89  117   98   96   84   83  114   92   83   91  110  102  109  101  101   97   91   84  100   86   94   94   86   78   79   87   81  121  128  146  144  149  158  138  157  137  130  140  127   96   78   86   90  100  103   91   82   92   93   84   84   88   85   89   87  100  114  129  154  168  187  196  199  201  199  198  198  166   97   90  129  161  194  215  219  219  219  221  218  219  220  221  222  223  224  224  224  223  225  225  222  221  224  225  224  221  221  219  221  219  217  222  219  219  220  221  222  220  221  222  221  224  223  221  222  222  222  225  223  224  226  225  226  228  227  228  229  231  234  233  236  236  236  238  238  238  241  241  243  244  244  226  146  144  154  152  156  154  153  152  150  142  143  133  126  118  110  108  103  100   95   98  105  119  141  159  180  210  227  231  224  215  218  234  247  250  253  249  239  227  202  171  147  125  118  123  145  147  146  139  144  146  154  164  164  154  147  146  146  145  146  147  153  155  150  147  141  131  115  110  105  103 
  96   94   98  104  103  112  153  177  191  200  200  195  182  158  121  125  165  205  219  227  230  232  232  233  231  232  236  239  238  237  230  192  146  167  133  112  101   76   92   84   82   88   82   91  101  103   87   98   89   85  101   90   80   95  110   99  101   98   99   92  100   98   87   79   82   94   97   85   90   85   77   84  120  136  153  154  136  154  145  133  125  111  137  115   84   82   94  101   93   90   88   97   87   85   92   84   84   89   90  104  123  139  158  179  193  198  198  199  200  200  182  116   86  106  150  181  211  214  216  218  218  220  219  219  222  220  222  221  223  223  222  223  224  223  225  223  224  223  222  223  220  220  221  219  219  221  220  219  220  219  221  219  219  221  222  223  224  222  223  222  222  223  225  224  226  226  226  226  226  228  229  230  232  233  235  234  235  237  238  238  239  239  242  245  245  237  170  143  150  155  161  162  157  156  154  149  149  139  135  127  117  111   99   94   87   87   85   93  106  141  186  225  238  236  229  220  221  239  248  251  252  248  235  216  177  148  134  115  125  132  144  146  137  133  142  154  158  164  160  152  147  147  143  140  146  149  155  156  149  144  136  121  108  111  103  103 
 105  126  129  125  121  124  151  178  196  199  203  199  186  157  125  127  168  205  219  227  230  233  233  233  230  232  238  239  237  237  227  179  153  182  141  105   98   81   99   82   84   89  102  100   87   88   87   99   86   82   89  104   84  104  104   99   99   99   99   98   89   93   82   82   78   82  108   95   87  101   86   88   81  111  142  162  151  145  147  117  134  152  160  126   79   83  101   96   83   87   89   87   85   85   84   79   88   89   99  124  135  149  169  188  200  198  201  203  203  187  128   86   92  136  174  205  214  213  218  218  219  221  219  219  220  220  222  221  220  222  222  224  223  225  223  225  223  224  224  223  221  220  222  219  220  219  219  220  220  218  222  221  219  221  220  223  224  221  224  222  223  222  223  225  226  227  225  226  226  229  228  230  231  231  233  234  235  237  236  239  239  240  241  243  244  242  196  142  148  153  160  161  162  162  157  152  149  144  144  134  126  116  104   96   90   82   76   78   89  142  213  236  243  239  230  218  224  243  250  253  253  243  227  192  151  127  116  118  133  139  143  141  129  132  148  157  165  161  151  144  140  139  137  136  142  152  159  158  151  144  133  116  115  105  101  109 
 138  142  142  136  133  136  151  172  194  203  207  202  185  163  132  129  168  204  218  227  230  235  231  233  234  232  236  239  236  234  223  185  160  183  146  106   90   87   92   86   93  112  104   89   85   84   87   96   91   84   88  100   94  108   94   98  106   99  101  100   86   84   83   83   89   81   84  102   91  118   98   86   80   76  113  148  147  154  151  134  138  132  151  155   82   87   99   87   87   86   86   83   85   84   83   86   92   93  111  139  142  158  182  196  198  199  198  200  190  141   97   86  116  163  201  211  214  215  219  217  218  221  218  220  220  221  222  224  222  224  225  226  225  223  224  224  223  225  222  223  221  221  221  219  219  221  220  221  220  220  217  219  219  221  221  223  224  220  223  221  222  224  223  224  225  226  228  227  226  228  229  231  231  230  232  234  235  236  237  238  238  239  240  242  243  244  217  148  145  152  158  164  165  165  161  157  156  148  142  140  128  126  113  104   94   87   78   73   81  154  223  243  247  243  222  219  231  244  252  252  248  232  206  146  128  113  112  122  133  140  138  132  131  141  153  165  165  152  140  137  134  137  138  137  146  154  158  158  148  136  130  123  119  111  105  108 
 145  144  144  142  142  144  157  171  190  201  204  199  186  169  142  132  165  203  218  226  229  234  231  233  235  232  240  242  236  233  220  184  159  173  140  116   81   83   88   99   96   96   89   87   87   89   91   88   91   86   91   92   96  104   90  104  109  105  101  101   81   85   82   79   90   94   76   98  110  104   99   92   86   88  101  112  139  160  170  151  123  127  146  142   87   94   90   86   86   86   85   83   84   82   81   89   94  104  127  141  147  167  189  196  197  200  199  193  142   91   90  117  156  193  208  214  216  216  218  216  220  221  221  220  222  219  222  223  224  223  221  224  224  222  223  224  223  224  222  223  223  221  221  221  221  220  220  220  220  217  219  219  218  222  220  222  222  221  222  222  223  222  223  225  224  226  226  228  226  229  229  230  231  230  231  233  234  235  235  236  238  238  241  242  243  245  231  163  141  149  155  161  161  167  163  160  157  153  144  143  137  131  124  113  104   92   84   79   88  157  221  240  247  239  225  227  235  245  248  246  237  209  161  117  116  108  121  129  139  131  127  130  139  155  160  165  155  143  135  133  132  136  137  143  151  160  161  155  144  139  131  128  122  110  106  114 
 140  144  143  144  147  151  160  174  188  197  201  201  194  170  145  133  170  202  218  227  231  235  234  236  234  234  238  240  237  232  217  165  166  172  134  117   88   90   88   87   88   89   91   87   86   87   93   97   96   87   87   86   87   90   89  105  109   93   90  101  100   83   86   81   86  103   97   80  101  106  100   92   98  109   97  112  106  109  138  150  146  138  102   91   92   94   89   83   88   84   85   86   78   78   87   96   99  116  134  148  158  183  193  200  197  200  189  138   84   84  112  154  187  207  210  214  216  215  218  217  221  222  220  218  221  221  222  220  224  223  222  223  222  223  223  223  223  224  223  224  224  221  221  222  219  221  219  220  219  217  219  219  219  222  221  223  220  220  222  223  222  222  222  224  224  223  227  226  226  228  228  229  229  230  232  233  234  235  235  236  239  240  241  242  243  245  239  185  138  147  155  159  163  167  165  162  159  151  149  148  140  138  132  120  115  101   96   93  105  152  213  237  245  243  238  236  239  245  242  234  212  157  120  105  103  110  124  130  136  127  130  137  148  160  164  155  145  134  128  130  133  133  139  148  156  159  158  148  143  134  133  129  114  111  107  114 
 135  142  147  151  150  157  166  174  188  194  201  201  195  173  150  134  168  203  217  224  231  233  233  234  236  235  238  240  239  236  218  151  174  169  132   99   82   94   84   89   89   88   89   91   90   87   90   97   98   86   90   88   85   83   98   99  101   85   85  111  124   85   90   85   75  103  123   96   84  102  115   92   88  115  117   96  119  117  128  112  145  157  118   90   91   91   85   83   91   84   85   84   77   82   90   95  110  134  135  150  173  182  197  199  199  182  118   83   87  117  159  183  201  209  210  213  215  215  217  217  220  223  221  221  222  220  219  220  221  223  222  222  224  223  224  221  221  223  222  225  224  222  222  223  219  219  219  220  219  218  220  219  220  220  219  219  221  221  223  222  221  224  223  224  223  224  227  228  226  226  227  228  229  230  230  232  234  235  235  237  238  238  240  240  241  245  242  213  146  143  148  155  161  167  163  159  158  153  153  150  143  142  133  126  124  118  116  118  123  146  207  233  243  244  245  242  237  234  227  206  163  130  108  102  107  116  127  129  127  126  137  151  156  162  158  147  140  130  128  133  131  136  146  152  159  160  154  146  140  134  128  119  109  112  115  116 
 120  138  150  156  156  160  166  174  191  197  198  196  189  173  151  136  161  200  216  223  229  231  234  232  234  236  238  239  237  235  222  150  176  164  133   90   80   96   82   87   87   91   87   97   98   85   93  102   95   82   86   84   84   95  117  105  105   84   93  119  124   90   82   89   75  102  125  124   94   93  121   89   95   96  124  101  117  150  147  100  112  112  129  100   89   85   84   87   91   87   81   79   79   85   98   98  122  140  144  174  183  181  192  180  138   92   78   96  136  168  180  196  204  207  212  215  217  217  219  217  219  224  220  221  221  220  223  222  222  222  222  223  226  225  225  222  222  225  223  224  223  224  223  222  219  222  218  221  218  219  220  218  220  221  220  220  222  221  220  221  221  222  223  223  224  224  225  225  223  225  226  227  228  227  228  230  232  235  235  237  238  237  239  238  240  245  244  227  158  138  147  153  157  162  163  160  161  153  149  151  148  148  138  132  133  129  130  133  137  163  207  232  245  247  247  241  230  216  194  161  130  116  109  110  118  130  132  127  124  134  144  153  160  162  151  141  132  128  128  133  134  140  154  159  162  156  149  142  139  135  126  115  114  115  113  108 
 107  131  146  156  155  156  156  170  188  191  196  195  188  172  151  140  162  198  215  224  228  232  232  233  235  236  238  237  238  236  222  158  163  160  136   82   78   89   84   96   92  100   83  101   95   87   93   98  103   86   81   82   84   97  125  117  107   83  101  118  126  114   78   82   86   93  124  107  106   95  101  119   90  105   96  119  108  137  165  128  118   83  118  109   85   81   83   89   92   83   80   81   77   85   93  110  136  150  163  177  175  155  131   97   82   90  120  160  180  186  197  200  206  211  211  215  216  215  220  216  217  219  218  221  222  222  224  220  222  223  223  225  223  223  225  223  224  224  223  224  224  223  223  221  219  220  219  222  221  220  221  220  220  221  219  221  221  220  221  222  221  223  222  222  224  226  225  225  223  226  226  226  227  226  229  230  232  234  234  235  238  237  238  238  238  243  244  234  172  137  146  149  154  158  156  159  161  155  153  153  146  150  143  139  135  139  144  147  149  173  211  233  246  248  245  232  209  177  144  129  123  113  116  123  124  130  127  129  134  146  156  159  159  151  144  134  124  120  126  132  138  147  156  161  163  155  149  142  141  127  121  107  115  122  117  107 
  98  127  140  151  150  145  147  162  180  190  195  197  188  171  152  143  166  197  215  225  227  232  234  234  236  235  239  239  235  237  223  160  152  151  120   78   78   87   84   92   88   98   89  107   95   83   88   93  113   98   83   87   86  108  118  120  118   84   97  116  130  125   95   82   93   85  128  105   81   87   92  143   98  100   94  112  116  124  160  142  113   92  104  106   81   78   86   91   83   82   82   90   85   92  105  126  142  148  136  124  104   86   86   96  127  155  173  180  189  198  202  206  208  210  208  214  214  214  218  216  218  219  219  220  222  223  222  222  221  223  222  225  226  223  224  224  223  224  223  225  223  223  225  222  223  220  218  222  221  220  220  221  220  220  220  221  221  219  222  221  220  222  222  222  224  224  226  226  226  226  226  227  228  226  228  229  231  232  233  235  237  236  238  239  238  242  241  239  194  134  140  147  148  155  153  155  158  153  153  154  148  150  147  142  143  148  152  153  151  170  209  230  241  240  231  213  168  141  136  125  124  119  128  130  135  132  129  133  148  157  164  164  153  145  134  128  120  117  121  135  145  151  161  160  159  154  146  142  132  121  108  113  121  119  116  104 
  90  111  126  136  136  138  147  160  176  191  199  199  191  176  158  143  162  197  215  223  227  234  236  236  237  237  238  238  234  236  227  177  140  140  110   81   83   85   89   93   91   95   84  108  102   90   90   87  117   84   85   89   86  106  110  118  113   75   99  121  139  131  128   91   87   81  103  131   75   83   99  115  142   97   89   99  117  137  149  171  145   92   94   99   82   80   84   88   83   90   88   91   94  102  104  104  101   93   83   87   90  105  130  155  170  180  188  192  201  204  206  206  208  210  210  214  213  214  217  217  216  219  219  219  223  221  222  219  219  221  223  222  222  221  224  222  222  224  225  223  224  222  223  220  221  222  217  219  221  221  221  219  219  221  219  220  222  220  221  221  222  223  222  223  225  225  226  225  225  226  226  225  228  228  228  228  230  232  232  234  236  236  238  237  238  240  241  241  219  142  140  142  146  148  151  154  158  157  155  153  155  150  146  147  152  160  164  164  161  168  199  219  226  221  204  166  140  137  136  134  130  134  136  139  136  131  133  145  153  158  162  157  147  137  130  125  122  116  123  141  153  157  164  160  158  151  149  140  128  114  111  114  119  115  106  102 
  87  102  112  127  134  137  142  158  175  188  195  198  193  177  160  150  166  196  216  223  228  233  236  237  239  238  240  240  238  237  229  187  118  125   93   85   83   82   85   87   89   91   93  106  103   92   92   92  124   86   85   90   87  100  100  122  107   77   96  130  140  140  140  105   85   83   94  137   96   76   82   97  138  116  109   95  116  144  144  153  164  130   96   95   82   79   86   82   84   91   92   91   93   91   85   84   93  100  115  133  147  157  172  175  186  193  202  205  206  207  208  209  209  210  210  212  215  212  216  214  216  218  217  219  223  221  222  222  221  222  221  222  223  223  223  222  225  224  223  224  222  223  223  222  223  222  220  220  220  221  224  222  220  222  219  220  220  220  221  222  220  223  222  222  224  224  225  224  225  225  224  226  227  226  227  228  230  231  231  233  236  237  237  237  237  240  240  241  228  155  133  138  141  146  149  150  156  159  157  160  155  151  150  152  159  168  172  170  169  174  187  202  202  191  167  146  138  135  139  141  145  148  145  142  128  131  137  148  157  157  157  147  137  127  122  120  116  118  133  153  159  158  163  163  158  149  144  134  123  114  113  109  114  112  103   94 
  89  100  106  117  128  130  136  155  171  183  194  193  189  179  161  154  163  193  215  225  230  233  234  237  237  237  240  240  236  235  231  197  114  117   84   87   82   86   92   91   84   89   98  104   98   96   99   95  124   97   85   89   89  100  110  125   98   79   89  123  135  144  138  106   80   74  116  130  138   76   71  106  107  139  103  109   99  146  142  121  124  142  122   92   79   83   86   86   89   86   83   84   87   96  108  117  133  144  155  166  171  173  187  192  198  202  206  206  209  207  210  209  211  211  210  213  212  213  214  216  216  219  218  221  220  220  222  219  222  223  223  225  225  223  223  221  222  223  224  225  222  223  222  221  221  223  222  220  222  220  223  221  222  222  218  219  221  221  222  222  221  222  224  223  223  224  225  225  224  226  225  226  227  227  228  227  229  228  232  232  235  235  238  238  236  237  239  242  236  180  130  134  137  140  146  149  154  160  161  160  156  153  154  158  165  171  175  178  176  180  178  180  178  166  154  146  145  147  148  153  154  151  150  139  134  137  147  153  156  151  144  136  131  129  125  117  115  124  146  159  160  160  162  161  156  149  141  131  123  114  112  108  110  107   99   96 
  94   99  100  109  121  126  129  149  170  187  197  197  194  178  165  158  164  190  214  223  228  234  236  236  238  237  241  241  236  233  226  186  116  117   90   93   86   86   91   92   81   89   98  107  100   98   97   95  109  113   83   81   86   99  123  122   87   80   82  118  132  124  147  122   79   70   98  136  149  110   67   77  114  121  131   94  104  128  139  145  106  133  126   92   80   79   86   84   80   82   87   96  107  116  133  146  155  161  169  181  184  194  198  200  201  203  206  206  207  208  210  211  212  211  207  214  213  213  216  216  218  218  220  221  220  220  220  219  221  224  224  225  224  223  222  220  222  223  222  224  222  221  224  223  220  223  222  222  223  219  222  222  220  223  219  221  221  219  221  221  222  224  222  222  222  222  223  224  225  225  224  224  226  227  227  227  228  230  229  231  234  234  237  238  236  238  239  240  239  200  130  130  135  139  145  146  152  158  159  159  157  155  161  167  170  176  181  177  181  187  180  172  170  162  156  152  154  160  162  165  159  149  143  138  139  144  151  155  152  144  135  132  130  131  123  118  117  136  152  162  162  165  163  156  149  145  134  124  117  111  107  108  110  102   98   98 
  92  102  104  105  110  115  123  146  175  193  207  212  206  193  173  160  165  192  214  226  229  236  237  236  238  238  240  242  236  230  208  147  107  112   97   89   83   87   90   89   85   95   96  103   92   95  100   98   92  125   90   81   81   93  121  115   80   80   80  118  139  103  147  146   92   78   81  132  148  131   85   62   88  129  144  104   83  111  136  146  132  112  103   97   77   81   85   84   87   93  103  108  115  129  148  160  169  177  189  196  196  196  198  200  202  205  208  210  209  211  212  212  213  213  211  215  214  214  218  217  218  221  220  222  220  221  222  220  222  224  224  223  223  222  222  223  223  225  222  225  224  224  224  221  223  223  223  222  222  222  222  221  220  222  218  221  223  220  222  222  220  222  222  223  222  222  225  225  225  226  225  224  226  225  226  225  226  228  228  230  232  233  237  236  234  236  238  240  241  215  140  128  133  139  146  148  154  157  158  156  159  162  166  170  171  184  186  183  184  185  179  172  171  168  164  163  165  175  175  174  163  151  142  140  143  151  153  149  136  132  126  125  129  129  125  123  128  145  158  165  163  167  162  152  150  139  129  119  108  106  110  102  101  100   97  101 
  94   98  100   98  106  106  110  147  179  207  220  223  221  214  187  163  166  191  216  224  231  237  237  237  239  239  241  244  240  225  169  121   99  104   94   95   85   92   90   85   86   95   99  102   92   98  100  102   88  110  110   80   85   93  138  123   84   84   84  121  139  104  130  154  125   90   80  113  137  132  114   71   74  117  122  148   86   80  114  125  145  107   81   98   80   84   89   86   92   99  106  112  128  148  165  178  186  189  197  202  202  199  200  202  205  207  207  208  211  213  214  210  212  214  214  216  215  214  218  216  218  218  219  220  220  221  222  220  221  223  223  224  223  223  223  222  224  225  223  223  223  223  224  222  222  223  223  222  224  223  223  221  221  222  221  221  223  223  223  223  221  221  221  222  222  222  224  227  224  225  224  225  225  223  226  225  224  228  229  231  232  232  235  235  234  235  233  236  241  226  153  124  133  135  141  153  156  158  158  157  160  164  170  172  180  182  186  185  184  184  182  180  176  170  169  171  180  188  183  173  163  153  146  152  149  151  150  139  134  126  122  124  126  126  126  128  141  156  164  167  167  163  158  150  140  134  121  110  103  104  104  104  102  102  102  118 
  90  100   98   94  103  103  111  147  188  218  225  226  223  222  205  173  167  192  215  224  230  236  235  238  239  238  239  240  236  226  187  157  119   99   86   97  101   89   90   81   88   96   97  101   97  100  105  105   89   92  122   76   84   98  152  122   86   87   86  126  142  111  119  159  149   97   79   81  121  135   95   96   73  106  117  135  127   79  113  110  138  121  109  111   83   80   85   83   94  108  115  130  151  164  176  184  189  192  194  201  201  200  203  201  208  209  209  208  209  211  213  209  213  212  212  217  216  215  218  216  219  220  219  220  219  221  222  221  221  222  222  224  225  222  223  222  224  223  223  224  225  224  227  223  223  224  222  225  223  223  222  222  221  223  221  221  222  221  223  224  223  222  223  223  224  225  225  224  224  223  225  224  226  225  225  225  224  228  230  230  233  232  235  234  233  235  235  236  241  234  175  123  132  136  140  140  140  152  152  155  159  168  172  176  180  184  186  187  187  185  184  183  184  178  177  184  192  191  182  173  166  157  151  153  152  150  145  131  131  126  125  129  125  125  126  139  155  163  171  171  168  157  152  142  137  126  114  104  100  103  107  102  104  105  114  140 
  89   96   96   95  100   99  107  152  203  219  223  226  224  221  211  187  168  192  213  224  228  235  235  236  238  237  238  240  237  233  199  179  130   99   88   91   96   87   94   80   95   97  102  102  100  105  110  108  102   84  121   98   86  103  152  114   91   85   92  135  144  101  124  132  159  115   80   82  104  138  102   99  100   89  128  110  134   99  105  112  132  128  134  143   90   76   77   87   99  117  131  146  165  171  183  185  191  195  194  202  202  203  205  203  207  208  211  209  207  208  212  209  213  214  215  217  218  216  218  216  219  219  219  221  221  220  220  219  222  224  222  223  223  224  224  223  222  224  223  225  223  223  225  223  225  224  223  225  224  222  225  223  223  224  222  222  222  222  225  224  224  224  223  225  225  225  226  224  223  224  224  225  225  224  227  226  224  227  228  228  231  231  233  233  233  236  235  236  241  238  202  125  123  135  141  145  150  150  148  154  161  171  175  178  182  186  192  193  188  187  186  183  188  188  191  199  201  194  185  171  159  156  155  156  148  135  136  130  135  131  130  129  128  133  139  152  166  173  172  172  164  155  149  135  128  116  104   98   96  102  105  105  108  124  135  153 
  90   91   97   96  100   96  106  151  206  218  219  223  223  222  212  192  165  190  214  224  229  235  235  233  237  237  238  240  236  222  186  158  118   98   93   86   87   90   99   85   94   95  100  107  104  114  121  121  114   91   99  114   92  114  140  112   98   91  105  132  143   84  126  116  154  149   91   81  107  143  138   87  101  101  114  124  101  103   86  110  126  127  114  147  144   93   84   92  110  127  142  155  168  174  183  186  193  198  199  204  202  205  206  204  207  208  209  210  208  208  211  211  215  215  214  216  217  216  219  219  218  220  221  221  222  221  220  220  222  222  220  222  222  223  224  224  224  226  225  225  224  224  223  224  224  224  222  225  225  224  226  224  221  224  222  223  222  221  224  226  225  224  223  224  226  224  225  223  221  225  224  224  224  225  226  226  225  227  230  228  231  231  233  234  233  236  237  236  240  238  218  139  127  131  138  141  148  146  148  154  158  167  174  179  183  195  195  195  191  191  191  192  198  203  208  208  203  194  183  163  157  153  153  149  138  130  127  130  138  132  134  134  131  140  152  162  171  175  172  171  158  151  139  128  116  105  102   94   97  100  103  111  121  140  158  161 
  85   91   94   93   98   93   98  137  202  218  221  222  221  217  210  191  166  192  216  223  229  236  235  235  238  236  237  240  237  222  164  137  106  102  100   81   80   95  104   79  103   91  104  109  103  112  114  120  120   91   97  112  105  144  134   98  103   96  105  134  143   80  119  117  117  146  127   88  101  151  138   88   82   84  107  127  114  102   87   86   97  126  108  125  151  143  106  104  130  150  155  162  169  174  189  192  198  201  201  202  206  205  207  208  209  211  207  209  208  210  213  211  212  215  216  216  215  215  218  218  218  220  219  224  221  222  223  222  221  222  222  223  223  222  223  222  223  225  225  223  223  223  222  224  225  224  223  225  225  224  224  224  223  223  223  223  223  220  224  222  224  224  225  225  226  224  225  223  224  224  223  224  223  224  225  225  226  228  228  229  229  231  234  233  233  236  236  235  239  240  230  164  132  135  136  145  142  143  147  153  155  165  171  179  194  204  201  198  196  197  197  196  205  209  214  208  202  191  177  161  158  151  146  135  123  128  129  140  141  138  136  133  133  148  158  168  177  175  171  169  156  142  126  117  102   97   95   96   96   99  106  117  134  153  172  170 
  82   94   95   92   96   91   95  134  196  217  221  220  219  215  209  183  161  194  215  225  230  235  236  235  238  236  239  239  236  225  162  141  104  105   89   81   80   99  105   72  103   86  114  114  107  113  109  116  119  101   98  124  124  160  114   95  113   86  100  130  143   84  105  116  111  124  152  115   92  159  123   77   89   83   90  111  121  101  101   84   95  125  111   96  130  121  144  122  146  151  155  168  168  177  186  190  195  197  200  207  203  204  206  209  208  210  209  209  208  209  213  212  212  213  215  215  217  214  219  219  220  223  222  221  221  220  223  221  221  223  222  225  223  222  225  224  224  226  226  222  222  221  225  224  225  223  223  224  224  224  225  224  223  223  222  225  223  221  222  223  223  224  224  225  223  223  225  224  223  223  223  225  226  224  226  225  225  229  227  228  228  230  232  232  234  236  235  237  240  239  234  194  158  145  135  142  141  143  147  153  156  156  176  189  199  209  207  204  200  205  201  200  208  215  216  209  201  184  168  152  152  143  131  127  120  123  137  141  143  141  134  135  140  151  164  172  178  174  169  165  150  134  118  104  101   95   90   95   95  107  118  126  149  167  178  183 
